id,name,country,working_hours_start,working_hours_end
1,Quatz,28,06:54:00,22:21:00
2,Shufflebeat,5,06:03:00,22:27:00
3,Tagfeed,73,06:19:00,22:49:00
4,Voolith,34,06:19:00,22:08:00
5,Flashdog,36,06:45:00,22:06:00
6,Mydeo,35,06:52:00,22:13:00
7,Babbleblab,40,06:21:00,22:03:00
8,Mybuzz,14,07:34:00,22:17:00
9,Skimia,11,07:20:00,22:34:00
10,Skipstorm,2,06:46:00,22:52:00
11,Meetz,67,07:53:00,22:07:00
12,Flashpoint,68,07:33:00,22:31:00
13,Gigabox,6,06:17:00,22:33:00
14,Oyope,50,06:41:00,22:11:00
15,Quinu,63,06:08:00,22:47:00
16,Brightdog,20,06:10:00,22:57:00
17,Livetube,45,07:35:00,22:49:00
18,Flipstorm,37,07:06:00,22:53:00
19,Topicstorm,1,07:29:00,22:49:00
20,Brainlounge,2,06:32:00,22:59:00
21,Ooba,27,06:09:00,22:30:00
22,Flashset,33,07:55:00,22:44:00
23,Izio,25,07:30:00,22:24:00
24,Youopia,43,07:37:00,22:13:00
25,Wordtune,60,07:04:00,22:53:00
26,Rhycero,60,06:16:00,22:20:00
27,Flipstorm,43,07:42:00,22:49:00
28,Linktype,1,06:22:00,22:12:00
29,Realmix,64,06:58:00,22:31:00
30,Jayo,38,07:22:00,22:52:00
31,Voonder,75,06:52:00,22:54:00
32,Skiba,18,07:52:00,22:32:00
33,Edgeblab,18,06:28:00,22:07:00
34,Skyndu,38,07:09:00,22:14:00
35,Jabberbean,9,07:31:00,22:56:00
36,Youspan,52,07:43:00,22:49:00
37,Bluezoom,11,06:00:00,22:47:00
38,Mybuzz,58,06:01:00,22:14:00
39,Ooba,17,06:35:00,22:55:00
40,Yambee,13,07:48:00,22:20:00
41,Mydeo,42,06:01:00,22:56:00
42,Skyble,26,06:14:00,22:52:00
43,Jabbertype,22,06:23:00,22:34:00
44,Mita,72,06:17:00,22:00:00
45,Realcube,4,07:22:00,22:16:00
46,Trudeo,73,07:53:00,22:50:00
47,Reallinks,71,06:50:00,22:15:00
48,Mydeo,19,07:15:00,22:55:00
49,Dabvine,31,07:45:00,22:26:00
50,Zava,44,07:15:00,22:24:00
51,Dabvine,50,07:57:00,22:19:00
52,Aimbo,3,06:54:00,22:40:00
53,Thoughtstorm,9,06:39:00,22:19:00
54,Trunyx,36,06:39:00,22:53:00
55,Flashdog,25,07:26:00,22:15:00
56,Wordware,29,06:16:00,22:41:00
57,Mynte,30,07:49:00,22:04:00
58,Innojam,65,06:29:00,22:59:00
59,Ntag,8,07:07:00,22:06:00
60,Katz,41,06:59:00,22:07:00
61,Dabvine,32,07:45:00,22:22:00
62,Wikivu,37,06:59:00,22:04:00
63,Skidoo,33,06:47:00,22:53:00
64,Meezzy,71,06:03:00,22:34:00
65,Shufflebeat,31,07:51:00,22:11:00
66,Aivee,68,07:59:00,22:35:00
67,Trilith,19,06:52:00,22:29:00
68,Zoonoodle,31,07:27:00,22:40:00
69,Mita,69,06:30:00,22:44:00
70,Roodel,29,06:03:00,22:13:00
71,Photofeed,21,07:29:00,22:53:00
72,Jamia,52,06:27:00,22:33:00
73,Mybuzz,25,06:10:00,22:34:00
74,Skynoodle,63,07:32:00,22:55:00
75,Tazzy,12,07:17:00,22:09:00
76,Vinte,41,06:00:00,22:28:00
77,Quire,51,06:17:00,22:13:00
78,Blognation,37,06:19:00,22:54:00
79,Yabox,39,07:21:00,22:34:00
80,Jetwire,47,07:39:00,22:36:00
81,Kazu,60,06:38:00,22:40:00
82,Jaxbean,25,06:52:00,22:03:00
83,Gabtype,55,06:51:00,22:17:00
84,Skynoodle,24,07:23:00,22:15:00
85,Skippad,33,07:29:00,22:01:00
86,Tagpad,28,07:33:00,22:14:00
87,Demivee,59,07:38:00,22:27:00
88,Trudoo,26,07:32:00,22:02:00
89,Vitz,36,07:22:00,22:19:00
90,Thoughtbridge,37,06:38:00,22:45:00
91,Mydo,63,06:41:00,22:30:00
92,Brightdog,20,06:39:00,22:51:00
93,Wikibox,53,07:23:00,22:40:00
94,Quaxo,76,07:09:00,22:15:00
95,Shufflebeat,14,07:48:00,22:39:00
96,Voonyx,17,07:59:00,22:59:00
97,Meembee,74,06:33:00,22:45:00
98,Plajo,46,07:25:00,22:54:00
99,Skalith,5,06:23:00,22:46:00
100,Dazzlesphere,60,06:12:00,22:35:00
101,Tavu,48,06:12:00,22:11:00
102,Dazzlesphere,43,07:23:00,22:29:00
103,Camimbo,27,07:34:00,22:35:00
104,Photobean,57,07:42:00,22:32:00
105,Shufflester,50,07:14:00,22:40:00
106,Yodel,5,06:08:00,22:32:00
107,Devshare,41,07:25:00,22:51:00
108,Jetpulse,53,07:45:00,22:07:00
109,Voonder,30,07:44:00,22:30:00
110,Riffpedia,59,06:37:00,22:48:00
111,Tagchat,8,07:31:00,22:42:00
112,Zoozzy,52,07:53:00,22:52:00
113,Realpoint,12,07:58:00,22:47:00
114,Trudoo,24,06:35:00,22:18:00
115,Dynabox,35,06:44:00,22:11:00
116,Youopia,32,07:37:00,22:26:00
117,Mynte,21,07:08:00,22:51:00
118,Fliptune,66,07:53:00,22:17:00
119,Tazz,72,07:39:00,22:49:00
120,Wordify,14,06:41:00,22:33:00
121,Miboo,60,07:42:00,22:47:00
122,Realbuzz,29,06:18:00,22:19:00
123,Wikivu,21,06:43:00,22:02:00
124,Roomm,12,06:41:00,22:24:00
125,Tazzy,8,07:17:00,22:13:00
126,Jabberstorm,61,06:03:00,22:42:00
127,Agimba,47,07:44:00,22:51:00
128,LiveZ,4,06:16:00,22:38:00
129,Thoughtstorm,27,06:45:00,22:54:00
130,Dynazzy,66,06:51:00,22:22:00
131,Kwinu,15,07:19:00,22:42:00
132,Dynava,67,06:38:00,22:01:00
133,Devbug,21,06:59:00,22:56:00
134,Skivee,30,07:59:00,22:14:00
135,Kaymbo,59,06:31:00,22:21:00
136,Zoomlounge,53,07:22:00,22:09:00
137,Devpulse,30,07:22:00,22:05:00
138,Photobug,40,07:50:00,22:15:00
139,Bluezoom,33,06:15:00,22:18:00
140,Jetwire,19,07:06:00,22:26:00
141,Jetpulse,6,06:38:00,22:08:00
142,Thoughtbeat,46,07:01:00,22:17:00
143,Eadel,50,06:07:00,22:42:00
144,Camimbo,70,07:55:00,22:38:00
145,Oodoo,46,07:15:00,22:45:00
146,Wikizz,42,06:25:00,22:51:00
147,Edgewire,75,07:58:00,22:19:00
148,Jaxspan,14,07:15:00,22:28:00
149,Voonte,20,06:20:00,22:03:00
150,Topiczoom,72,06:42:00,22:33:00
151,Topiclounge,53,07:33:00,22:33:00
152,Topdrive,19,07:37:00,22:16:00
153,Kwimbee,70,06:04:00,22:32:00
154,Innotype,45,06:35:00,22:10:00
155,Riffpedia,45,06:22:00,22:51:00
156,Realbuzz,65,07:10:00,22:30:00
157,Abata,76,07:52:00,22:01:00
158,Omba,33,07:49:00,22:00:00
159,Yozio,2,07:13:00,22:13:00
160,Thoughtbridge,57,06:38:00,22:54:00
161,Yadel,51,07:23:00,22:18:00
162,Ntag,2,07:19:00,22:10:00
163,Babbleset,7,07:43:00,22:50:00
164,Bubbletube,56,06:24:00,22:11:00
165,Roodel,12,06:10:00,22:06:00
166,Wikido,39,06:19:00,22:11:00
167,Eayo,26,07:48:00,22:14:00
168,Pixonyx,53,06:06:00,22:10:00
169,Youbridge,7,06:21:00,22:04:00
170,BlogXS,40,06:12:00,22:03:00
171,Meedoo,69,06:55:00,22:29:00
172,Thoughtsphere,32,06:36:00,22:11:00
173,Skaboo,2,07:13:00,22:55:00
174,Bluezoom,10,07:18:00,22:04:00
175,Wikivu,64,07:10:00,22:48:00
176,Rhynoodle,24,06:00:00,22:55:00
177,Izio,43,07:42:00,22:01:00
178,Yodel,62,07:18:00,22:31:00
179,Youbridge,28,06:12:00,22:58:00
180,Wikibox,39,07:20:00,22:06:00
181,Trudeo,40,06:36:00,22:17:00
182,Youspan,70,07:58:00,22:55:00
183,Yambee,58,07:28:00,22:41:00
184,Zooveo,4,06:53:00,22:46:00
185,Gabspot,58,07:58:00,22:02:00
186,Plajo,45,06:16:00,22:39:00
187,Oyoba,51,06:31:00,22:06:00
188,Trupe,35,06:22:00,22:55:00
189,Pixoboo,37,07:33:00,22:18:00
190,Tazz,49,06:01:00,22:04:00
191,Rhynoodle,51,07:06:00,22:10:00
192,Zava,45,07:37:00,22:06:00
193,Shufflester,59,06:29:00,22:53:00
194,Babbleblab,22,07:56:00,22:23:00
195,Edgetag,8,06:39:00,22:37:00
196,Fivespan,51,06:03:00,22:22:00
197,Centidel,10,06:22:00,22:19:00
198,Jabbertype,14,06:43:00,22:59:00
199,Yakitri,57,07:15:00,22:28:00
200,Trunyx,56,07:37:00,22:53:00
