id,activitycode,uniquecode,occupancy,max_occupancy,time_of_activity,price_per_session
333,338,217670e85ec4708de9b,0,20,2018-09-26 20:54:15.972431,41
246,250,771ca343ec11664e1db,6,20,2018-03-03 14:25:20.672886,28
534,562,d6ab06e4f0f56ded0df,4,20,2022-05-29 18:22:15.51288,41
567,595,be40044cff9d26aaed0,1,20,2021-02-18 07:44:59.189267,36
95,95,46e5a4101cc59a6c6fa,7,20,2019-07-22 13:42:52.433071,37
947,991,09767ed5bfd38df26dd,5,20,2025-01-11 18:23:14.435341,10
298,302,61d9a98ca11ac2ee8fc,4,20,2023-04-02 18:47:59.419782,40
807,847,16462138b60e8a8c3bf,3,20,2025-01-11 04:53:55.994102,44
829,869,8dd04198eb55a462239,9,20,2020-01-01 16:37:02.565714,36
31,31,24019d4d7a19a6876f9,5,20,2021-12-24 13:26:29.938933,30
199,203,a3ac25310d623f44b31,3,20,2019-12-16 03:57:58.058752,32
708,744,19124af111d7266c5df,7,20,2018-09-12 09:03:27.386983,16
363,375,581801bc5d16204ee74,5,20,2024-06-24 00:54:55.333431,17
679,715,c5135a4cae8ddadb725,4,20,2022-08-20 11:03:36.480739,17
592,620,30948052d02cee8fb9e,8,20,2021-08-25 11:37:04.016142,34
245,249,26c62b18adbdafb34ce,7,20,2021-05-15 10:41:30.663763,17
367,379,f86176dd70a65014168,3,20,2020-01-07 00:20:15.511317,24
411,427,a95c4676cbbe75a5c56,5,20,2019-10-29 07:13:01.194658,40
660,696,6af9c3098875b1f706d,2,20,2020-02-21 21:24:36.402164,37
251,255,27cbea634c7baf29d5e,8,20,2019-07-24 12:09:20.650058,33
827,867,0a81fbf839527a7cafc,2,20,2024-12-09 07:26:12.982902,34
943,987,e0c4de1905fbb993346,7,20,2021-12-10 12:54:24.668775,41
413,429,f95cf5bd047e836bd70,7,20,2024-10-21 14:48:13.845132,25
874,918,6760912c4b99a45339f,8,20,2020-08-26 19:47:47.040538,29
407,423,2941b9d775eaf676a4b,5,20,2025-01-19 00:06:07.77493,27
318,322,da29a6a2e04d627657d,3,20,2022-10-06 02:56:27.877081,46
525,545,ce71a97891012ddd2c9,4,20,2020-01-02 07:44:03.082893,19
441,457,08444ae4c4832e77cf9,5,20,2020-07-07 12:49:49.855287,15
763,803,85fc96327d78a044a55,7,20,2022-07-03 08:18:33.317155,18
831,871,79dcf39796db3a2a66d,10,20,2019-01-05 11:27:11.720682,45
891,935,391f75929dd561e83d9,5,20,2019-09-06 20:53:52.21682,37
134,138,9c9f788af58ba5a253d,5,20,2025-08-29 22:45:05.240257,37
760,800,5b24c38dcd5edf381be,5,20,2018-04-19 07:56:00.365688,45
502,518,bd2bd6b6c3a74f8cb1e,7,20,2020-05-25 10:28:36.082577,37
466,482,1e0d2198e2d0521cd6c,8,20,2023-11-15 07:52:09.189275,22
166,170,e7f090e7e284a15e70e,6,20,2021-02-06 11:00:45.79053,24
727,767,a36053dcbb6f6b58a2e,7,20,2024-04-19 14:28:37.44574,37
67,67,f0610d0d153c7295230,2,20,2024-10-11 20:45:19.847539,18
586,614,f34fcf424a39fc5f474,8,20,2019-06-19 07:31:07.49992,27
53,53,84b6786f115de59977b,5,20,2019-03-01 17:04:15.867775,31
425,441,88d21674d47c522c650,5,20,2018-11-07 23:50:10.210992,32
560,588,f52b1acdf9594e7a462,6,20,2020-10-06 14:54:15.726757,21
674,710,7671774cf6f6b7e49e1,6,20,2023-11-29 12:36:13.516064,26
630,666,931d00a7e59a81d7f7b,5,20,2023-10-20 19:22:11.242876,27
575,603,544d3bbbf92d492535e,3,20,2018-07-26 18:34:32.910747,38
401,417,f1ced722874ce6e5ca9,4,20,2020-01-03 22:00:31.12011,49
716,754,2315a81e46aeffea199,3,20,2022-08-02 03:55:05.232522,25
635,671,31011120ea0ed3940bf,6,20,2025-08-22 00:41:27.249851,25
620,653,e5c6d15198a0435d2c6,7,20,2021-11-16 14:40:41.99322,19
205,209,312ccd4047c8b533e13,6,20,2025-09-27 20:23:40.798986,46
895,939,6ef022fec3c07bb7974,6,20,2024-08-25 22:05:05.936976,47
277,281,42cf540f15bdab25fe0,4,20,2019-01-19 12:56:55.517801,30
300,304,6fbe5003bbb9fe04feb,4,20,2025-06-21 00:04:28.304417,49
342,350,bcce3e267a51c3d915b,8,20,2022-12-25 10:50:09.156708,42
574,602,cee7db494aeaa396391,0,20,2019-03-31 03:21:23.640721,35
615,647,8eb11fd3a0e9ac7a6d6,2,20,2025-08-23 11:26:34.919076,18
590,618,d49c937fb2b392f3ab8,8,20,2022-08-04 08:55:17.751623,26
429,445,0b2957390bf9c3dbeba,6,20,2019-02-14 11:49:49.392658,32
835,875,d0e204c80bae54ce6a7,5,20,2024-12-14 10:50:33.427223,17
141,145,97a6883d10bbc507a16,5,20,2025-06-26 06:40:05.988002,31
901,945,715f6d41f98077841da,4,20,2018-12-03 03:14:49.342672,42
465,481,bbc406be3c79640fd44,4,20,2021-06-03 13:16:04.226772,13
449,465,263d0a62a2bcbfc5ac7,5,20,2020-02-06 01:31:16.828573,39
775,815,f1f2dcb8d51d3c61f6d,6,20,2025-06-03 10:30:54.690668,25
189,193,ce96b5b0b7d464fe824,4,20,2023-02-25 20:36:36.885898,44
803,843,7d8a9d0c4d80d725649,4,20,2024-08-13 23:11:46.97227,48
181,185,be671c71dfddc09ce6b,3,20,2022-02-05 10:53:57.6877,31
764,804,35b166b983eb99886e7,6,20,2022-12-16 04:05:00.938523,25
815,855,54d00935d099e76bb7e,6,20,2022-11-04 19:49:04.131434,21
128,132,e1cd2eaa45f97da99e5,7,20,2020-09-09 01:11:20.008436,49
438,454,259eb6528ebd0aadc76,5,20,2021-02-10 13:58:03.355568,39
853,893,e99d5c4abfe5dcff077,6,20,2024-05-29 05:52:59.342403,12
419,435,2c1b6def8b3bd161b4c,5,20,2022-12-01 00:14:38.598388,18
34,34,cc9569629af843125a8,3,20,2022-04-30 20:56:17.865479,48
898,942,16f7ff7cad37cb7b8df,2,20,2025-04-01 04:33:42.081513,46
826,866,6f2f2d8c4c66cd57100,5,20,2021-01-09 18:27:56.240449,30
283,287,801b3b86d26094bdfd3,5,20,2022-12-12 17:10:30.999955,29
681,717,7d45674def52597aa37,3,20,2023-06-20 20:20:16.561396,21
537,565,d927eefd97cc6d12c1d,11,20,2021-10-09 20:18:55.632715,36
527,551,883cc986cfb58f69b4d,6,20,2021-05-28 14:36:00.165682,12
881,925,f2b14cc72b094bdaf42,6,20,2025-09-04 19:04:46.054289,24
606,638,e15f0aac967034670ef,4,20,2020-02-08 03:38:06.473798,30
614,646,8cb8a35e1f88a11bcad,3,20,2023-10-21 15:35:29.758987,47
187,191,0a27cdc4a51fa92061c,7,20,2018-11-02 02:16:05.952606,23
356,368,8faf5dfd42f25db7f29,4,20,2022-01-08 07:34:57.13632,23
336,343,cad3a4f8f52b4779d62,2,20,2019-12-17 02:30:38.803994,45
136,140,9e82b7988dec17880ad,8,20,2024-07-27 03:22:08.910054,50
731,771,281896d20e268507527,5,20,2024-12-13 10:30:07.550584,23
380,392,4448aa446db23eabbb2,2,20,2021-09-06 12:37:44.821609,37
653,689,7c3df3d286a56e1caa7,8,20,2021-10-04 17:43:59.986937,26
130,134,4b2d0d435114c52d352,4,20,2023-06-13 15:58:03.525937,42
23,23,2ba30621b406ea6722f,4,20,2023-02-11 22:20:56.184408,16
486,502,c579f664e6da056696b,5,20,2020-09-14 07:06:45.386286,11
612,644,85fafaa04942291d837,5,20,2022-12-22 16:16:46.379709,31
765,805,ae46b4d67e4317c4e35,3,20,2020-06-10 21:30:27.712955,33
552,580,24ba73c6f504b24ad71,4,20,2022-07-12 23:58:58.405243,43
887,931,b921e5ddbee6b68dacb,8,20,2022-09-21 18:17:11.121705,49
959,1006,99b0f4f04fbf4c4dc51,6,20,2019-02-20 12:17:49.094082,49
364,376,915b36fd59d7790f49d,3,20,2022-05-17 12:26:57.862512,25
433,449,f7fe3e51843de105190,6,20,2018-04-13 16:40:24.968186,14
345,357,8affa76eb31d5125ca0,4,20,2021-01-09 11:30:17.835056,10
92,92,da35cbfead4382cd255,3,20,2024-06-28 13:01:07.848874,18
541,569,ea7e13ca178be7468e8,2,20,2025-09-10 08:32:20.621765,38
437,453,a56e02143ae77bb4800,6,20,2018-06-06 22:11:53.418259,27
197,201,8e557ddec4de783f56f,5,20,2023-11-28 19:19:24.279832,31
482,498,ecb788d4efac7b657a0,6,20,2025-10-20 12:35:04.806197,18
311,315,00dd141cd4c125d00fa,4,20,2018-12-02 01:27:04.480994,23
103,103,e3d865cdbbaf606eb62,6,20,2023-11-30 23:08:04.740862,39
845,885,baac402041121390243,6,20,2018-07-29 12:50:12.667595,47
602,634,26c11228694bebc1ae3,3,20,2021-03-03 18:25:27.455523,12
179,183,b6e253db3d62a461ff8,6,20,2025-07-05 01:47:11.165892,44
445,461,4d7946c43fbd4d1c3b4,10,20,2023-09-10 07:02:12.81529,29
889,933,1dc5b2c7a1f44a2e32f,5,20,2019-10-09 00:20:08.97462,26
581,609,6ec580c16043729c315,9,20,2021-11-12 23:15:24.72681,11
692,728,74dae88a35b9659b3d1,7,20,2019-12-15 12:53:23.396182,46
109,109,21bf0a8175827733c27,6,20,2020-02-09 11:46:44.81723,33
383,397,bbc5036e1b74b870668,6,20,2021-06-04 09:53:25.865541,32
7,7,d53d1656748f3f23e45,7,20,2025-10-07 16:12:00.612871,27
113,113,fb52895e870ab6e112b,3,20,2025-10-08 18:34:09.024848,21
458,474,69ca0a36e7d24022a4a,3,20,2021-12-30 10:38:10.281988,38
368,380,481295e9f0654e5dcbf,4,20,2025-02-20 20:52:50.365436,39
931,975,8295d3ac4de5124db85,5,20,2025-09-20 04:35:38.323392,26
864,904,7ccd27bbba10e4f44be,4,20,2023-02-06 01:10:39.09335,13
314,318,98f21070a7da92529c3,9,20,2022-11-06 16:45:34.466789,50
236,240,a382c37cbe941580b1b,3,20,2019-05-09 12:52:54.369465,44
517,534,f90de781ef0acd9085d,3,20,2025-01-10 18:38:55.638792,15
720,760,ab6d20f82d2550c2a19,6,20,2020-04-11 22:11:13.37979,21
489,505,242348eab922781d0a8,2,20,2025-11-04 16:18:56.074011,40
805,845,44e14dce20991a9c82d,9,20,2024-10-06 20:12:14.739169,20
271,275,9cdeb45ecc1c0304284,9,20,2024-05-28 14:46:48.764994,47
963,1011,051f874b46eaf17de87,10,20,2025-06-08 23:13:13.782136,27
400,416,478f4198b1613f789e0,10,20,2024-10-14 20:23:20.17914,26
487,503,7484d6a4583e34cb192,4,20,2019-01-27 20:23:25.134721,32
18,18,a72bf26206722f45c4c,5,20,2019-09-18 09:15:36.327227,21
668,704,6c4bd3ca0233050e63c,1,20,2024-07-15 17:20:05.343153,11
607,639,6ac9dfa196d604f9f95,12,20,2025-02-20 17:18:22.218951,38
379,391,e578df92043db87c5bd,4,20,2024-04-21 09:21:56.20844,47
942,986,147360fb2182f540731,5,20,2022-12-26 11:23:38.140795,19
115,115,71ca96908ea0240f7b3,6,20,2020-05-28 22:24:37.391768,45
108,108,7651c146e489a002477,3,20,2022-12-11 17:08:13.739059,42
127,131,1b6a26154980df40b27,5,20,2018-12-15 04:57:47.104995,22
153,157,372af7968a78659038c,10,20,2018-01-14 22:09:43.816946,48
676,712,2119187c8e38dbb222c,4,20,2019-08-16 16:21:35.860205,19
418,434,1b8eb6750ca73aff7ab,4,20,2018-07-01 01:44:38.172061,22
978,1028,625ee75ea7f81565fae,9,20,2024-07-08 17:08:28.951464,44
702,738,afafbcfc3e36e9585b6,3,20,2020-10-18 00:23:43.853151,35
194,198,ca0fcf607e03da280db,3,20,2021-12-22 14:25:27.588045,29
224,228,e21dcc57000afffd766,2,20,2021-06-04 16:45:58.275316,31
756,796,2052e23f90ed31b86d7,7,20,2023-11-29 14:24:16.956577,39
593,621,959a174365476caa0a2,6,20,2019-03-06 18:25:13.474036,35
293,297,441b3319118ce231a53,3,20,2021-03-12 19:56:43.970141,34
50,50,e3acf84046ffe952996,3,20,2019-11-13 15:49:43.297661,34
355,367,0e8312c60b75b113c7e,8,20,2025-03-26 17:43:37.248207,20
811,851,90da9e926f8741267ee,2,20,2023-09-29 04:47:46.067719,40
563,591,dd9f6cf8138773e3fae,6,20,2021-04-21 05:31:07.779487,42
276,280,76f390af50ebbffddd3,7,20,2021-01-18 21:31:44.328855,43
817,857,f4656962b988a272c8d,6,20,2021-08-13 00:53:07.477758,35
169,173,33fcccbd028325c567b,4,20,2022-12-21 21:26:38.052815,18
454,470,b7960043e756939ae62,5,20,2025-08-13 13:11:02.89456,40
500,516,975f7a19567338ab953,8,20,2024-09-12 13:34:28.364921,36
239,243,bbba2953c045d36d3c6,9,20,2022-08-15 07:13:12.78028,13
859,899,9d59a0416c20cb7ad54,5,20,2020-01-13 01:44:30.457146,39
600,632,5c9ad2aaa2afc6a40e7,3,20,2025-09-25 01:49:22.759473,49
890,934,e072b571c7c6ff3f4ed,6,20,2021-04-01 10:42:55.190211,30
789,829,c6d1f61ed36a66b186d,10,20,2021-08-23 07:01:58.701163,33
292,296,16a6cdb091978f32293,5,20,2021-08-22 09:26:21.576387,43
366,378,9a861e017698d9751db,6,20,2023-01-23 09:56:13.802883,29
91,91,2050f34127b523cbe5f,6,20,2025-11-30 09:32:48.870454,18
494,510,e21654acf6bb77dee04,3,20,2023-05-23 04:42:05.560486,20
442,458,b4e9db825a507369573,5,20,2022-06-27 10:23:39.206394,38
65,65,d9bbbb8cb72cb5fa493,5,20,2025-04-28 07:34:45.994851,27
535,563,c56d2d98d04625fc140,5,20,2025-01-24 13:50:39.394906,12
781,821,7184eb619fdce1c343c,3,20,2020-04-03 14:48:32.227021,17
538,566,dc3c151f925c5912c52,6,20,2019-02-05 07:48:00.164942,29
900,944,54336da72c4c12dd578,6,20,2025-06-04 08:48:22.083005,42
927,971,3c5f277437714a7c192,6,20,2023-07-23 03:15:14.0329,21
330,334,fb0f0821f644de0b069,8,20,2022-01-24 20:16:46.600721,20
216,220,2cafaafaadc13777aac,7,20,2025-11-09 21:15:13.701413,33
925,969,49b00543a3c6e19c1b2,6,20,2024-04-03 19:46:37.092973,24
791,831,5d0957dc1b93d7c6430,5,20,2021-12-03 01:22:14.973007,42
496,512,d7af06fea70bca4ad6d,4,20,2018-09-07 18:11:35.22149,30
228,232,4fbcd8a2ca79678d0ca,4,20,2023-08-19 17:57:10.87451,42
495,511,b1d5c81b3361361ae9f,6,20,2019-09-28 18:08:20.643287,21
657,693,355fc02355e500aa440,4,20,2020-06-30 15:43:42.514597,17
748,788,2867a60507c0866eccd,7,20,2022-07-08 05:38:20.325864,27
732,772,5f243427da892236752,3,20,2019-06-27 20:58:25.841692,48
967,1015,aeeedd448ccf9514ac0,7,20,2019-07-18 11:15:25.129505,38
263,267,dbdb2e75bac12f0d22d,7,20,2018-05-06 12:42:57.67385,49
470,486,c9b456b71fc090b04b3,6,20,2019-05-27 04:15:59.665425,15
780,820,59bb58b3454e3e78694,10,20,2021-12-15 08:42:54.210623,14
478,494,63cba83607b93ad9dad,2,20,2021-03-18 16:26:27.521506,45
577,605,81ba9e61a3ca2f6d8b5,5,20,2024-05-25 08:49:07.953494,24
505,521,de659401d9e4b8f9efb,4,20,2020-08-14 22:45:35.758974,35
48,48,7bdde3174d49086d439,4,20,2018-10-08 18:47:28.528996,19
954,998,b47568669dcb2419c21,4,20,2018-05-03 02:58:17.89773,26
686,722,2b5817cc2bb6bb6dbdf,2,20,2025-04-09 19:54:43.960305,36
652,688,1462635731e2f9fe7ef,6,20,2025-12-22 10:57:10.636245,36
350,362,53de5f91554c3d64771,4,20,2025-04-24 08:17:49.873111,18
3,3,d89d082b4554cda012e,10,20,2021-06-08 19:35:09.300249,36
531,556,8e64e83a4e2e597777e,3,20,2020-05-08 05:07:20.167313,13
546,574,8c14044e684d4f64515,3,20,2018-11-27 20:39:25.298805,31
207,211,e630a5a32580f4fb29f,6,20,2019-06-22 02:54:22.929347,18
912,956,9315a25303c53e8e1a7,4,20,2019-10-08 04:27:25.679417,22
446,462,2efa630d7cd1fed4919,5,20,2019-11-09 09:24:14.995631,33
219,223,0b521141553a4470d5d,6,20,2023-03-29 12:13:08.121132,47
810,850,f178e77f331e5d90d83,10,20,2024-02-20 04:16:45.158354,29
543,571,74a9e5dd5999eaac63e,5,20,2022-09-13 21:38:05.080889,40
85,85,dee9307a1f4e24434fb,4,20,2022-02-05 12:29:19.100403,35
281,285,4e35473a47a3c8ed11d,3,20,2024-07-17 21:43:03.278384,31
21,21,6ea1a91be96a2d130f2,6,20,2025-10-19 04:41:24.77709,33
622,657,40ba51eeb095ec0fa0d,5,20,2020-01-03 14:03:19.377714,43
301,305,4f9b582d82fde905089,6,20,2025-05-29 22:21:10.879573,16
757,797,03388a187f0a83dd85b,3,20,2020-01-07 19:30:21.374555,13
432,448,2b830a62ff86578082d,6,20,2025-09-24 11:41:08.36125,47
346,358,4109c652ac4d6b77f83,6,20,2023-12-27 00:49:44.950957,44
68,68,17dd3efc226804295b1,5,20,2024-08-30 11:59:23.469272,23
773,813,2e104d34fbf9b47d4b8,4,20,2024-04-12 16:01:47.525721,47
80,80,78f06f5a27dca0ff100,3,20,2024-07-03 10:03:59.082996,14
861,901,9b9ef8e7a4d8a799757,8,20,2020-12-19 03:15:47.935103,43
738,778,2fc14b7ec7c30ed0e3f,8,20,2020-10-13 08:20:49.054209,34
797,837,d5b05f9135ac3a1e09c,7,20,2024-05-07 09:28:26.714971,43
582,610,eeff368bb2963fff53b,5,20,2023-06-03 09:39:03.435216,47
262,266,595e263d056d84a415c,3,20,2023-08-12 03:59:54.661884,27
399,415,672fc16725de41fe78c,5,20,2020-06-12 17:32:46.779007,48
818,858,d6005ed39384e063b43,6,20,2021-06-12 20:46:21.306835,46
569,597,5f471aeb069585d65ee,10,20,2022-12-27 17:39:50.085497,29
124,128,98dd8821cf9b2e61bc5,3,20,2020-07-05 23:08:56.244529,34
798,838,88372c3cc5d13dcea1b,3,20,2021-01-14 06:52:15.536946,23
685,721,7cb6a13c18662671e47,7,20,2020-07-07 15:02:25.175581,47
905,949,b5911b1dfbd957b6647,5,20,2025-11-06 13:03:39.845178,48
973,1021,f7ba3c4c695c4051800,6,20,2025-04-17 18:14:13.50468,35
83,83,5bc3b9ae1f2ce6f5182,1,20,2023-08-27 14:12:24.6446,30
63,63,3208bb8e6279e0ec1b2,5,20,2022-09-01 21:41:32.225769,22
516,533,a79f97a35d1c6007500,5,20,2018-01-30 22:37:14.855384,20
542,570,c350ee78f21a5e79470,1,20,2019-08-04 11:31:39.772009,15
395,411,257697dd1ec7090683f,7,20,2018-09-28 13:20:10.950401,31
955,1000,f98a6d8bd69a0a09ecf,3,20,2021-12-26 20:47:28.321547,19
223,227,b27e6b62e7768bcb48b,7,20,2021-12-30 20:20:08.946686,37
221,225,d3bc1fc23183dca4a7d,2,20,2018-02-25 11:42:47.597962,32
362,374,f374fa4e6acfa7d8c9a,8,20,2022-07-18 22:14:50.694046,46
968,1016,2a56d07a8fcb473f991,8,20,2024-06-14 03:13:29.852915,25
655,691,a6f8f5af15f72cbb43b,7,20,2022-03-05 17:10:03.719625,32
150,154,5c528edf92bf7af29f0,4,20,2025-07-14 11:50:02.210419,26
656,692,681849b3cd88ea909aa,7,20,2019-06-21 19:47:43.283345,13
648,684,042a49955d3f55214a4,11,20,2025-07-18 19:23:13.660484,25
923,967,f7a7f275accb62d9ffe,1,20,2018-12-31 23:00:53.624174,11
530,554,2157983093d3d046076,3,20,2022-07-07 06:26:14.410621,38
928,972,8c12e4be91643e1c852,2,20,2025-07-12 04:58:51.10723,21
148,152,c3b46166e661951d37b,5,20,2024-04-07 22:30:31.680296,29
790,830,f8db3a1060f47503d5c,6,20,2022-01-20 03:26:20.341537,22
357,369,04b138bd9a990682272,6,20,2018-08-27 01:37:16.640846,35
637,673,ee4523e3f0c8e5395cf,7,20,2018-02-15 21:46:31.990762,23
360,372,6726303bbc7cd489744,9,20,2025-10-30 12:05:52.351391,48
354,366,4e34adc065a2a0bf9bc,7,20,2020-10-05 07:49:32.47039,43
969,1017,79230e95c8c96548102,3,20,2019-02-05 16:00:54.303789,22
701,737,593985ae69e80ad7389,3,20,2019-10-27 02:31:11.950199,31
693,729,7789ce366e377575ef6,2,20,2024-05-08 13:22:56.11587,43
490,506,04c0fb8dbdd7d817347,3,20,2023-09-20 03:53:04.20435,14
119,121,d25385ff459c18efa5d,6,20,2022-06-24 06:16:32.306169,35
123,127,b2e42aad106d098ef30,8,20,2021-11-30 06:42:57.771633,19
631,667,ed27da40f9f48ddf3a9,3,20,2018-06-24 20:18:12.246577,21
66,66,b42f598292734ba9bb4,4,20,2023-01-24 05:13:06.364827,14
661,697,96cb47e721980559faa,4,20,2025-11-17 09:07:51.532354,24
523,543,b59a63141b834283a14,6,20,2021-06-20 05:25:56.640996,14
821,861,69f6226a5dd6308f530,2,20,2019-11-04 17:40:31.928751,37
56,56,5342be1f0a05cd381b2,9,20,2024-10-06 11:28:30.988287,39
316,320,fa15dcff3160a67d63f,3,20,2020-08-18 10:13:31.674181,46
256,260,29327689772a59d09b5,5,20,2018-04-22 13:33:34.550832,42
561,589,376dc938baabeec3bfa,4,20,2021-11-12 05:06:19.454174,24
767,807,561c52c103e170c1a95,9,20,2025-09-11 19:10:19.629064,39
402,418,62216046a5c46165356,5,20,2018-04-29 07:17:41.536488,19
323,327,666e811a7a8ee315e38,4,20,2020-07-17 06:41:20.233107,16
268,272,49446cb03b9f8357bb3,12,20,2020-08-30 23:59:44.979803,47
613,645,8708909b65a0eba151c,3,20,2022-01-11 20:07:57.200468,14
678,714,4805dac5a9268376a07,3,20,2020-03-05 12:21:15.399967,27
213,217,eb5b86cc0ec74d548ce,3,20,2023-12-21 01:46:07.317512,28
64,64,6c7547ebad1f6107dd2,3,20,2020-10-24 06:23:54.762461,20
539,567,707e69d30bd67512321,2,20,2022-01-28 14:00:18.285864,20
529,553,f09931e75306caf6e13,8,20,2025-04-23 20:35:24.78459,19
545,573,d66c932f232de9801ef,1,20,2023-08-14 10:52:57.74425,39
155,159,73fc5700898f776670c,10,20,2022-06-17 10:39:54.940756,47
892,936,7adc3254525a233f1c2,6,20,2022-08-09 21:22:26.810158,18
962,1010,9276987af5553881980,2,20,2020-10-12 23:36:56.768124,33
934,978,29beafe7a50a969aae1,4,20,2025-11-18 14:28:08.707688,11
908,952,e6c11bcb16b0888844b,4,20,2018-01-20 13:59:11.532477,38
370,382,328c00b3cf977831925,7,20,2023-04-06 18:17:29.321936,17
684,720,87fa8cf1949ef0d4934,3,20,2025-11-14 15:18:52.775861,33
396,412,c25db5eedd77a1fa73a,6,20,2018-06-08 14:49:37.207446,45
854,894,e59408eb1ee70715e63,5,20,2024-10-02 18:30:57.97658,50
518,536,6ff1ee4f537d2132f34,2,20,2025-05-14 16:41:20.454838,40
98,98,fccf793efa1799c0176,3,20,2019-09-29 14:13:36.934995,24
235,239,e163c9cdf709398e723,4,20,2024-05-19 13:35:12.826165,38
306,310,e255da7f8047bd2b8e0,7,20,2020-12-22 17:02:18.574872,48
338,346,d679459cc92db0c7c8f,8,20,2020-11-04 11:39:41.280148,13
358,370,2acd4051105afe03699,5,20,2020-12-20 18:29:09.760127,45
875,919,4595224661a3304d1c0,0,20,2020-05-17 13:17:10.625749,48
936,980,811a4bb23963d2d46b0,3,20,2024-12-09 21:29:02.049003,21
981,1033,2064a882092ba750c0a,7,20,2020-03-20 12:00:08.791501,16
937,981,31bdd7badb9c851c250,5,20,2022-09-08 06:30:01.772347,40
443,459,8ae160f1782142d6bb3,5,20,2022-03-14 22:53:33.397166,28
696,732,36424b24e137486c7a2,7,20,2023-05-03 19:25:16.426739,18
149,153,c654647e404e2080fcb,10,20,2018-02-09 09:59:43.18519,32
226,230,9b78eb47053ae40e773,4,20,2022-05-05 10:58:41.171445,12
902,946,8f76889062fa35fceff,2,20,2021-12-25 14:01:23.9107,29
856,896,ab52ab4d2b296ecf3a1,8,20,2021-06-28 01:20:35.164221,19
852,892,cd28203622c0c05bfcf,8,20,2025-03-29 10:56:02.841303,39
713,749,45a542d795f478a7fc9,4,20,2018-03-21 20:17:04.868301,18
322,326,a2cdf978874a578f460,3,20,2020-03-10 00:38:37.810787,19
286,290,7d453a1015f92315fde,2,20,2025-01-11 17:44:19.960429,48
147,151,b7f37abd4892759a21c,2,20,2019-05-29 09:09:40.198836,39
918,962,c3da63483f40e2afb69,5,20,2022-05-25 10:29:38.981092,11
158,162,67dc532d30453ecdfe2,7,20,2018-02-12 12:41:42.708381,48
308,312,7b6d5904caa3ab865b7,6,20,2025-02-17 17:47:32.615244,40
24,24,82333e2dc9614470778,5,20,2023-09-25 06:21:30.443842,37
349,361,98301bfafdc8e109cdc,9,20,2022-11-03 00:54:36.348825,10
6,6,0bc4bb8287e2b381b89,7,20,2025-04-04 17:37:56.692923,48
107,107,cba9cff71a938d0f286,4,20,2020-06-29 22:33:35.869531,48
38,38,f61657e423681c34d38,3,20,2022-09-22 13:10:06.404645,27
405,421,3614ae9b4fd51cb814c,2,20,2021-03-07 21:53:43.883996,35
565,593,039db0ffbd7d2a6a252,1,20,2023-09-12 21:44:39.499672,18
566,594,b64f86b00b7aae1f933,7,20,2020-09-29 02:08:33.441929,25
553,581,75e7dc741a2521d6644,6,20,2022-07-02 21:54:13.443267,34
471,487,875b5d856e9b2c4b0aa,4,20,2025-11-13 10:17:49.349499,17
167,171,cd3cd957e66b7c11cd6,5,20,2020-01-01 17:49:02.252958,37
290,294,aa4a6f541b5a0b078f8,5,20,2025-02-26 00:51:53.635379,41
422,438,7891e3f1c4ddd0ebf91,5,20,2023-07-06 09:10:21.506239,38
412,428,6819beadab6b3066568,4,20,2024-06-28 08:53:35.417757,32
77,77,da0a7cf7451ea9fd892,4,20,2025-01-25 13:13:57.172991,16
37,37,16370dfe4b56b8e4d33,4,20,2019-05-28 02:12:25.74168,23
806,846,34a099342b803c7bcae,2,20,2019-04-02 22:40:40.160531,30
353,365,e1cbad5025a101ee503,3,20,2018-03-30 18:17:08.734844,37
939,983,6de4178198595115f17,7,20,2022-11-15 16:45:30.647602,13
834,874,24b31449b8897e2f8d7,6,20,2021-04-21 07:46:36.933308,36
975,1023,361c0661629c0ae11b3,3,20,2018-04-02 22:24:12.740511,35
36,36,112df9bf5e0a16b177e,5,20,2025-01-23 22:37:28.390932,45
533,560,1f2e9727e38d1670b6a,5,20,2018-09-03 13:36:09.448473,27
979,1030,89a71302a9a6fdeef0b,4,20,2021-12-12 22:07:04.059546,37
871,915,f0bd1cab951dc2a1e65,3,20,2025-11-23 17:42:52.18683,17
157,161,7785a49264f585a935f,7,20,2022-07-13 03:36:48.796865,38
742,782,2c255fc0ea976704ead,6,20,2020-12-23 15:12:56.55025,50
550,578,ca51897ed3a86427854,6,20,2023-11-21 05:53:30.45435,28
272,276,707bfa7099f48ba8464,6,20,2023-06-26 03:46:38.975792,25
929,973,bff7c6c3bf395f6d4d1,5,20,2019-05-05 23:02:41.363306,12
42,42,a97887e63d346673d07,6,20,2023-09-06 20:34:10.998286,44
19,19,ef7a2b5bac660f03f72,5,20,2025-09-02 22:42:16.74482,41
823,863,df96ace5d28d25f89b4,3,20,2019-10-11 02:01:37.19276,46
175,179,54598c0aad4416844de,5,20,2024-04-21 21:34:52.034101,18
13,13,d2dd11f2d68322a04f7,2,20,2021-08-24 19:45:12.382652,12
75,75,179f862c9392aa797f6,3,20,2019-12-02 04:28:42.434806,11
667,703,946fcd6707abf231c6e,3,20,2022-01-19 23:53:24.761928,27
97,97,bb6ba415c8586a5965f,6,20,2024-01-13 08:19:52.656015,38
664,700,037333928707776f60a,4,20,2023-11-23 13:21:09.92934,47
255,259,3146652255e0a46ea84,2,20,2020-11-29 01:53:55.465689,43
904,948,81a57d956d8e8a5cb43,4,20,2020-02-28 06:48:31.614692,36
498,514,f18355a7697199c510e,10,20,2018-01-24 02:22:19.311383,49
469,485,eb542b27019b08a0925,7,20,2025-03-09 01:24:01.404268,13
488,504,4e925a6ccf557bb0b6b,3,20,2025-07-23 19:30:05.281251,33
629,665,1278405ad56ded787c0,10,20,2023-06-20 07:52:05.653682,32
867,911,136da21e1bfaefe6a28,9,20,2020-04-06 17:59:02.191414,12
670,706,6dcccf9b15815af26dd,3,20,2019-04-24 09:06:53.355444,19
509,525,9861869432fc886f774,5,20,2021-09-14 21:36:56.535613,26
888,932,469401eb792e17bed89,7,20,2020-05-01 10:23:33.286132,11
117,118,4a0d2bd599ac344f7ea,3,20,2022-06-28 15:09:18.779604,49
506,522,6cea6d73ea1c55608f3,7,20,2018-02-07 22:16:11.713874,40
331,335,fe2e477519ce41e8d89,8,20,2018-09-20 11:15:28.942325,12
913,957,e82d3d932c78800bd2d,9,20,2018-01-21 14:04:56.802727,13
599,631,36f4d168c31fb0aa387,5,20,2019-09-27 04:49:00.087302,39
749,789,50286e1ebb8abc0cd32,5,20,2018-12-08 13:13:26.205936,46
920,964,ab69fe0f2c1813dc913,7,20,2018-02-24 16:29:32.470103,32
873,917,9d03eec32fc92263cce,6,20,2021-11-15 11:55:15.601344,14
410,426,f59beb16f8fab48ecba,8,20,2021-02-27 07:59:05.810677,40
381,393,59b8bdec13d15b121ca,7,20,2021-09-19 16:56:44.949237,23
730,770,5aaf110f304f713a37c,4,20,2022-04-04 22:24:57.237647,14
110,110,ab9c5c07c6e6bfff1bc,4,20,2019-09-09 10:00:32.428667,36
485,501,907b4bf45acd063f9a1,3,20,2021-12-12 00:50:48.597288,27
170,174,76d8be23e32cb3b3626,4,20,2022-08-29 10:05:10.237112,14
415,431,ad9be411a9f3f141249,5,20,2023-02-21 14:59:37.172767,14
273,277,7c3779d2ac67bc5867a,4,20,2020-01-08 16:34:20.095023,34
51,51,ca0956072dcaa22e876,6,20,2021-02-09 13:18:33.414413,32
899,943,9ddbab6ba671d7596d7,4,20,2020-09-01 11:23:17.823136,30
230,234,f2069748d5d0d37017c,3,20,2021-05-02 08:08:39.087687,33
448,464,6ebc384b30d7945a7da,5,20,2020-02-28 08:51:57.820482,12
289,293,ce4b54c09e8c5098850,7,20,2019-12-08 23:17:38.059893,26
744,784,49541138ecb90be4625,6,20,2021-08-10 08:31:28.964095,11
248,252,870c2eb24346758b780,2,20,2023-01-04 03:32:08.427291,24
846,886,b1c344442f267132f49,7,20,2021-11-12 12:49:51.409505,47
885,929,a1e262e56a850dde4ac,4,20,2024-07-24 03:31:31.508189,39
819,859,74e3e7b9ae637cb7417,7,20,2022-06-20 04:23:39.141829,33
949,993,20ee399209d02dde580,4,20,2018-05-23 19:53:31.142326,46
619,652,ff13786b40b9a3107c7,10,20,2020-02-17 12:16:37.00014,44
474,490,f78498446cb1eaef137,6,20,2019-07-08 16:43:02.486856,21
884,928,a056c08187e56ff7525,1,20,2025-05-25 22:23:50.60589,33
191,195,14126a9a6cd1d872764,8,20,2024-06-28 17:15:51.536961,33
473,489,334ce068ac17daa1868,3,20,2025-05-26 10:17:18.034287,13
705,741,3e149e68529aa7e4c5c,7,20,2022-10-21 03:49:01.579489,36
104,104,528b6e0a92a60f165c8,6,20,2022-07-12 00:46:01.310706,36
397,413,b48e3c675dfab23a81e,4,20,2021-03-22 07:08:40.542295,32
604,636,58198b4de4bb3407357,3,20,2023-06-15 10:43:47.106601,39
427,443,6eb867c836cf471086a,9,20,2022-01-28 08:05:55.782571,49
347,359,44f3c14346dbe5a1de8,3,20,2023-12-31 21:24:22.970921,22
663,699,c271d13a4af4bee0d06,2,20,2022-02-09 04:33:31.887113,47
266,270,15bf742b2832d514724,6,20,2020-09-30 04:14:35.657067,37
922,966,bebffe043780a2def38,7,20,2021-09-17 14:38:10.73855,38
555,583,bd5a7e994174caf5e55,5,20,2020-01-14 11:30:45.885388,43
296,300,eeaea5cb1d87335e3de,1,20,2019-08-06 11:47:31.531657,15
393,409,4dcf72abbc320fa89a4,8,20,2019-01-07 17:58:19.191225,31
768,808,111935f390d56127199,10,20,2023-05-27 06:25:36.613418,37
81,81,ed06a6ce467ec7a93b4,8,20,2025-10-10 08:24:57.569974,46
585,613,b2eb7889fe31b148f40,6,20,2018-06-25 14:30:57.50803,23
455,471,d2bdf01d21095a847c8,6,20,2019-01-17 14:07:57.134699,46
385,401,4b34feb581c1029b400,10,20,2018-09-06 09:28:23.298554,20
587,615,f6d8f46a5b88d0cc190,6,20,2024-08-16 15:36:57.076553,11
52,52,955ceb74fd5147417c6,5,20,2023-09-29 04:28:15.684086,33
598,630,ed34854b7155259bcec,4,20,2025-10-22 15:01:52.422403,28
617,649,74a4c5f7ba66d89b137,5,20,2019-02-02 09:55:04.554983,43
82,82,48dabb8d125280c7831,7,20,2019-07-30 18:55:51.143192,41
579,607,6448a2a86b708848c86,3,20,2023-01-22 11:40:54.143994,45
926,970,b3e947e62fd5b969feb,6,20,2023-01-17 12:41:27.467323,11
39,39,30f6b7e9e2b9bb3805e,5,20,2020-06-20 01:31:00.250874,43
719,759,80f4d9eac386d6f8f66,3,20,2021-08-13 01:56:11.129847,25
916,960,8112ae17c6fe87a1a92,3,20,2021-01-11 18:03:41.016392,40
26,26,10f4bdaedf3b905f3d3,2,20,2024-12-31 13:43:47.209161,35
232,236,7bdf04df86f200e90f8,2,20,2025-10-12 20:40:01.805188,50
310,314,afa4c4bf6725d7bb9a0,4,20,2022-07-05 06:45:22.519186,26
914,958,09130b7d8125b0a01d0,7,20,2021-01-30 13:27:00.23286,25
101,101,8f15a20478a7fbf4b36,1,20,2025-06-03 10:31:23.015142,40
325,329,617c034323b3b7c4d7f,8,20,2025-03-13 18:47:38.222499,20
386,402,d4f8ddd0922aee9f612,4,20,2025-10-31 00:40:41.263011,21
707,743,49df16c995c2e4f9767,5,20,2025-07-08 01:18:59.846375,38
944,988,4d24d228b0d00ba84b2,2,20,2019-05-11 02:44:09.407001,21
843,883,1ea125947b55bcff793,6,20,2018-01-21 06:52:54.657957,50
832,872,1e5af0cd8db1cb519fa,6,20,2019-04-05 15:10:05.534196,40
544,572,3253843d009cbc6b6de,3,20,2023-12-29 01:00:37.574581,14
733,773,9ea7b90f3c42756ee8b,8,20,2023-01-21 15:10:36.13719,27
718,757,5f09851019f7b6870e1,3,20,2019-09-18 23:09:18.069725,25
302,306,fa93b8ca9d164af5184,4,20,2019-03-11 19:04:55.791801,30
820,860,ff604b419a6e6352b9a,5,20,2024-12-21 05:06:52.019056,30
327,331,b7cfa515adf141b51e3,3,20,2022-11-09 02:12:58.819762,28
212,216,7e69ef8bcaa905af39b,5,20,2025-09-20 17:09:33.216762,21
956,1001,1be6140ed06978268eb,2,20,2018-05-04 10:33:59.3242,12
694,730,947e2fee72658fa70a6,2,20,2025-10-17 10:21:13.277633,13
211,215,efca156960f71400618,4,20,2024-07-29 05:16:33.744616,50
839,879,ebac6a9a943d23ebe54,4,20,2023-05-02 12:36:53.614862,27
120,122,d6e3fe29c72095e0ce4,4,20,2024-11-09 17:00:16.180941,37
695,731,af926dab358c6f1a2c4,6,20,2023-07-17 10:13:01.890758,19
645,681,49e64dcca38179b751d,4,20,2025-09-02 13:41:01.626727,42
710,746,88300f5a15a10d4c654,4,20,2024-02-06 05:13:30.071653,18
114,114,b1e2b48c31a64fea140,1,20,2024-08-24 16:04:11.477212,15
131,135,e4e486bf073a19a6f37,5,20,2023-06-04 02:42:06.913982,47
365,377,61d1497dd77d6c78e3d,6,20,2025-04-29 12:23:06.43897,14
313,317,bebd867d48017217107,3,20,2025-03-22 15:26:26.415946,33
86,86,faf8f6840712387faa3,4,20,2018-02-23 10:55:41.2912,11
341,349,362034da31639ac2797,7,20,2022-10-13 03:48:17.691886,15
464,480,81ba3c951bdd8adbd47,5,20,2022-01-29 15:56:16.634446,19
260,264,9eb308081a0832b0940,2,20,2018-05-26 01:16:03.59749,31
737,777,b3319d291cf7d15c7b3,5,20,2022-01-13 23:55:03.819924,15
404,420,2883e56f96ff9ad4a71,3,20,2025-07-12 16:22:39.736986,21
274,278,5febe26454ec167f93f,5,20,2021-07-10 21:57:55.433503,31
111,111,d7869854a14b37e177d,5,20,2018-08-28 10:55:18.010531,37
785,825,2465f4af609ed17fbd3,4,20,2023-07-15 04:59:18.126721,26
848,888,a5b65742b0df115c890,6,20,2021-12-18 05:33:11.854563,18
980,1032,62ea97b212b7fc2ba83,3,20,2024-12-26 17:57:29.70095,20
762,802,4c49a362faee738cb69,6,20,2024-12-06 15:46:53.32683,15
903,947,dbb3cadce48e11c7628,4,20,2025-06-15 01:49:25.65498,13
804,844,e94e090b448c80686ba,1,20,2018-04-06 16:20:25.307134,18
28,28,5ca025f45a92c6bf417,8,20,2021-06-29 20:00:16.190568,35
421,437,6eb1d335390d07a9fa0,3,20,2018-01-07 06:51:16.658813,13
828,868,4d6f5bfdd4620613e78,4,20,2025-08-27 00:28:00.255579,19
802,842,b025300cc3b87ec4091,4,20,2018-05-28 18:00:12.35999,32
54,54,e18eeaeae8aa9f59924,8,20,2019-09-26 18:02:24.676894,45
977,1027,05f0b4a09cfc2baf5fd,5,20,2025-04-20 12:06:17.489423,18
374,386,12c82d8acf97e3c8d0f,4,20,2018-10-04 23:06:45.892393,17
634,670,568c3814870043a8b66,3,20,2020-05-13 00:04:44.362819,49
754,794,4e3092761e1a764f78f,3,20,2022-11-17 22:32:57.064537,31
640,676,4d533aaa97dda3490aa,5,20,2019-12-06 16:05:51.242853,28
712,748,2b5aa5559ef434824d6,3,20,2018-03-29 12:31:27.102459,12
163,167,2b2f70db0f8e5db2771,9,20,2021-08-19 19:34:16.956984,25
669,705,4925437dfda773642fe,9,20,2024-11-10 13:14:40.958952,47
440,456,921cd922309237c7700,8,20,2020-06-26 01:08:22.355252,46
639,675,a80341a6af446ac864b,8,20,2018-03-08 21:51:49.884048,11
675,711,08bda9392b785f144e1,8,20,2019-06-07 03:29:59.652406,47
855,895,8f2e7e101cda7dc7f18,8,20,2022-10-14 21:56:12.094024,13
29,29,e41068e43aea6612600,6,20,2022-05-12 12:47:00.598228,33
96,96,98e068dd9322caf08a1,3,20,2023-05-27 20:12:08.728768,45
32,32,a08fcd47e6a9c65566c,7,20,2025-10-10 01:11:50.164945,26
247,251,5953d3e7af0eba32c8a,6,20,2024-04-03 02:17:36.132127,19
786,826,74a05b6c417147432d7,4,20,2020-08-24 06:41:18.554771,15
467,483,2502a3cf105cba682fe,7,20,2019-06-26 00:35:32.847952,18
254,258,321dba7678880b8a8a9,5,20,2024-12-31 15:54:58.04915,21
601,633,901cde941ad8c00fd44,7,20,2024-07-05 08:15:23.455933,25
295,299,09b7dfea0c0836d493b,8,20,2020-10-07 21:31:02.19661,27
417,433,b1b063346a35a3997c5,5,20,2022-09-29 05:39:03.613436,18
391,407,6ce99e53c26dbcab67a,3,20,2020-10-25 13:23:11.438665,21
714,751,d7979265fdf32354632,5,20,2019-08-05 10:28:39.198986,20
906,950,df38c5e2df77bb41acb,3,20,2021-11-27 21:30:54.210069,12
428,444,c8702de2cc62d4338d4,5,20,2019-05-27 20:22:41.108565,39
463,479,fd33f02cb3616a858a7,3,20,2019-07-28 01:48:28.830171,36
8,8,28be6b174b77c543f2a,4,20,2023-10-10 13:00:06.367136,42
87,87,ebfcf0b47be6e52185f,5,20,2022-04-14 01:42:43.92482,44
709,745,4d13469842c80cbe747,5,20,2020-08-09 05:46:36.351719,31
741,781,3aaaa1397675e949468,6,20,2022-02-25 03:08:25.474171,36
139,143,15928d1dd7e4cca144a,4,20,2022-08-01 17:50:21.60747,29
33,33,47049a7b63b129d88d8,4,20,2020-01-08 12:03:52.322093,48
196,200,690839751fed25787b4,5,20,2019-07-20 06:48:13.938159,28
14,14,0f08c1cc72ddddf630d,5,20,2019-11-16 10:43:22.363874,14
200,204,24245c75874d97f73fe,6,20,2021-04-20 07:52:58.575769,28
241,245,573af27fd2fe13e2824,6,20,2021-01-21 23:33:21.947966,32
481,497,42375f3b7f0282ec3c5,4,20,2024-03-31 11:59:18.600629,44
99,99,86764c51318caf1d010,7,20,2018-04-02 23:15:12.610501,18
280,284,e57857a81c0422b6958,3,20,2019-11-25 07:28:56.136697,18
361,373,f83b7e2c28946186512,10,20,2022-05-23 05:06:38.997341,43
722,762,3c24bd946ebd682a834,3,20,2023-10-18 20:02:14.484955,39
642,678,0648c9ed512ce41b122,6,20,2024-07-18 01:06:50.668065,18
961,1009,b92a191e7535c1990d9,6,20,2021-06-09 17:24:33.907539,18
457,473,3d398e91543a23ad264,5,20,2018-01-18 06:02:16.189602,26
332,337,f0d7ec6ba79f1be4b64,7,20,2022-09-02 20:34:23.20385,48
215,219,5bb933bfa873b9526b7,4,20,2019-12-28 13:25:28.874691,39
135,139,e5632bfa41651265c86,4,20,2020-10-27 04:31:01.471042,21
390,406,adb8301e1d99f9fe62c,4,20,2023-09-08 13:23:08.107338,11
317,321,5ab214da89acc057eea,4,20,2025-09-28 09:58:56.765226,17
233,237,da84448dc5d363e7625,8,20,2018-09-19 00:43:48.576776,30
915,959,4eb35141b7ad8a6647f,5,20,2018-03-22 22:20:12.619603,35
184,188,c66e8024cab3940b7da,9,20,2021-05-18 14:36:54.825527,24
698,734,c9e1888564aca90cbbe,5,20,2024-07-13 21:50:10.86293,20
192,196,a715795750f26333ce9,6,20,2024-01-04 15:19:18.039367,38
739,779,d1962bdfce8149e3a29,3,20,2020-09-19 09:37:18.128307,19
882,926,52b21b028fbc3ce91a6,5,20,2022-04-06 13:18:03.442512,23
16,16,0516cc75912893b70ab,6,20,2025-01-28 09:00:51.329674,35
769,809,aa96323d3e0b6040325,5,20,2020-08-30 15:39:06.678413,32
10,10,c31336e54ef78d591de,5,20,2022-12-17 06:16:39.402998,45
526,548,9e23fccbc8cea81fcd0,5,20,2022-08-12 15:20:31.431965,14
435,451,d53c474cab49dc1e640,5,20,2019-07-16 10:32:47.788575,14
838,878,d21c361e01746a310dd,7,20,2023-03-01 10:26:18.085969,17
376,388,ed6431dde3b2b7ba5fa,8,20,2022-07-20 11:26:56.084544,47
480,496,9e338c989862270c3ce,4,20,2020-01-09 09:23:42.756887,39
408,424,0fd8d1f6260bb5c96af,6,20,2023-10-18 17:02:24.492389,26
894,938,24c49ab75f323965cbf,11,20,2023-10-27 05:47:59.958022,26
144,148,3e8d76f41c6b138e55b,8,20,2024-01-01 06:36:50.053721,13
572,600,185faa69fdb9c0c7f62,5,20,2024-07-04 18:22:31.939494,21
426,442,a1f395e7fa4f26736c7,9,20,2023-10-20 02:01:15.000273,45
227,231,6e32a0a39418dda41b4,7,20,2023-08-28 23:40:48.635402,29
772,812,b8fa565ad848ca44a59,1,20,2023-08-11 17:54:17.127996,29
377,389,bddccac99a2ba5cb2e1,3,20,2025-10-02 01:32:53.493133,25
348,360,f5571ada125abfb07b2,3,20,2018-05-03 02:04:13.383842,36
917,961,6601834d5ae379dfa8b,6,20,2018-08-21 22:53:03.23618,33
515,531,8b7e3ac892a99636a59,6,20,2024-03-05 07:48:33.025814,13
499,515,f17537ff6cc793625fc,4,20,2023-11-21 20:21:36.925684,40
62,62,87d9ed11f3c3dc141ba,3,20,2024-06-07 03:49:41.941138,38
143,147,42c0d5014b1fbebe8f7,5,20,2018-11-23 04:34:48.809321,34
320,324,61d1a6302d7a30c3c76,8,20,2021-06-26 11:54:27.786028,49
778,818,06a906225332a8e924b,6,20,2021-05-22 20:22:35.8964,17
514,530,eb4be62c84166c1d151,7,20,2024-08-09 00:14:46.518844,36
389,405,1edd1a2f2ed16d49f1c,3,20,2020-03-25 19:39:36.140152,21
45,45,791155965d346ddc722,5,20,2023-01-30 08:50:18.864045,25
671,707,eb9c335238c5f44be6f,6,20,2024-12-30 04:36:25.676939,34
632,668,b99a6f196e7c118333a,2,20,2019-11-19 07:20:19.577459,11
658,694,96d4475f8eb80d003df,8,20,2021-08-20 00:01:05.237045,29
699,735,afa04c6fa112848adb5,2,20,2023-04-12 13:52:37.332417,15
378,390,9bfc89b01e607e64489,2,20,2022-07-09 22:40:22.209405,43
507,523,6eaf8fb712befbbb9ac,3,20,2019-07-02 20:47:50.858957,41
551,579,14ff75dff14c92564c0,9,20,2025-03-27 13:26:16.896176,49
862,902,35f4e6bcaaa284eccfc,2,20,2023-03-31 01:49:22.025738,47
863,903,db1f8993213c37e8ecb,3,20,2021-11-11 19:27:30.510194,32
907,951,be3852d729bffeb1a8d,2,20,2020-11-28 11:55:25.624712,18
287,291,36a40503c97efed4040,4,20,2024-06-11 21:47:14.793371,36
571,599,c2c58314184f57f5943,3,20,2022-12-03 19:59:27.164089,26
220,224,c5ef7055a99f454fea6,3,20,2018-12-13 16:31:29.151853,12
745,785,6c1e056b4194742421b,6,20,2020-03-11 00:30:21.255271,13
501,517,1a8658a04a276d42a87,6,20,2020-12-12 01:17:28.840525,25
883,927,80b229d2a5a405ff5ff,4,20,2024-01-30 20:01:57.132749,18
795,835,603c9c4ccce051956a2,6,20,2020-09-27 05:48:57.409524,23
140,144,d1adfcdd4adc370f254,6,20,2018-10-26 04:09:47.158094,49
938,982,30358d822b41bd3a017,3,20,2019-12-19 10:07:36.390133,48
190,194,a73ebf4b746ab8d99e8,7,20,2022-03-06 08:19:43.324153,26
554,582,6f6d836468c6e1f39fb,8,20,2020-08-15 21:55:29.24089,35
40,40,8e7780a0dd530373b6e,7,20,2023-07-11 07:41:32.013642,10
231,235,2fa0b2f047b9d0c20ea,5,20,2024-03-20 22:39:57.05793,41
414,430,4d78ba02a52f6785547,3,20,2023-04-15 15:39:07.525065,41
735,775,2bc95d8a8db93df79fa,4,20,2021-06-01 22:44:51.151209,33
146,150,91335abb9179242db29,2,20,2019-07-25 15:12:06.452693,36
55,55,96448b6d8168a20c422,2,20,2023-09-03 13:45:12.640025,44
758,798,0172e7f38dd6947502d,2,20,2022-02-04 10:36:49.602825,36
596,625,5b705325182ba0f23a3,6,20,2025-05-29 07:56:35.969731,13
382,394,40261fe21c0e0acfcbe,6,20,2021-10-02 07:47:49.222455,18
799,839,198da312d839ff56d44,6,20,2021-07-22 11:34:23.005635,24
847,887,3d66936fa9ce1e8498f,10,20,2018-02-24 10:57:54.929632,24
30,30,d0382be8687ffcaf207,8,20,2023-12-03 20:04:34.137585,23
972,1020,0e92bbb6e3c48d40230,5,20,2021-07-26 05:04:10.852187,31
837,877,dfa5e9721fe3f099e3d,6,20,2025-01-10 22:56:30.954527,14
643,679,1ed951f5349d243d25e,4,20,2023-12-14 20:45:14.069866,20
252,256,db9ce942f102f689efc,4,20,2024-05-17 14:31:43.791772,36
78,78,0dd901c48fdc02be7f4,8,20,2019-08-08 13:05:02.3642,35
627,663,e2dad2f46febba3d4c4,4,20,2018-09-20 21:20:39.996238,49
844,884,7929ed34213e96cc1d2,3,20,2019-11-26 23:59:35.091208,11
872,916,46a9a00890e1445a890,6,20,2020-03-01 00:48:47.343978,46
633,669,8a3e14a95011d6f8340,3,20,2019-07-08 10:54:04.205698,27
976,1025,ad08fb812989051ebdc,5,20,2019-12-18 15:20:03.165177,39
736,776,74090cb82b2611ec684,1,20,2025-01-05 02:58:13.558671,20
20,20,54933ab778930fdb409,4,20,2019-06-25 08:01:43.74,26
510,526,4c265708efc5309f5cc,5,20,2024-06-07 11:30:02.11923,35
649,685,d361609a980dca19bf6,4,20,2023-01-02 10:52:33.67253,37
946,990,d09e3e29f12deb090a1,3,20,2020-01-15 22:03:01.993874,27
22,22,1e6cefa62de2685903d,5,20,2023-05-14 06:08:27.817534,46
578,606,902b3cb760b0b450df5,6,20,2023-11-13 01:25:31.401488,37
164,168,c672410a8739ca3c29d,6,20,2019-02-08 16:58:05.914185,12
945,989,1aec646a15ccf5a074c,5,20,2023-08-14 04:23:20.829512,50
259,263,358495cd6f68045eb72,9,20,2021-01-31 23:57:16.412755,39
840,880,1e7d95147445855723e,9,20,2024-05-06 18:24:58.468586,15
793,833,1c5a1ee6674acd09e22,7,20,2018-02-18 10:33:55.179565,37
836,876,39af3e51e61a08a5ace,5,20,2023-10-02 13:02:41.375895,47
328,332,87a12f6027190b2a2ad,5,20,2019-02-26 11:03:13.257599,41
210,214,96bc7205bba53338f98,3,20,2020-09-13 14:09:07.801184,35
106,106,b8da156d0f47a232807,6,20,2024-01-12 15:09:03.463238,20
60,60,68d28f13bb2a8fe7597,2,20,2020-11-05 04:26:21.73771,30
174,178,05b6a66a63c4f0a26b9,4,20,2024-06-28 15:10:30.053109,13
309,313,47ee3820b85f37c5274,8,20,2020-12-13 18:15:15.131867,21
522,542,acf476f01f096a0a473,7,20,2021-10-15 19:43:36.649211,41
691,727,7b39ab8451031adbc93,7,20,2025-03-30 17:17:56.061216,39
697,733,ddfbd21767033e06a42,4,20,2020-02-06 00:44:12.158149,20
636,672,d98b2305724b87c02a7,2,20,2020-10-19 07:49:30.532361,16
319,323,9f1f89b84e019f24f4e,4,20,2019-06-21 00:00:16.786241,29
76,76,52fb197491098adf148,4,20,2024-09-02 07:50:50.683376,31
71,71,a4e42152ce75400402d,4,20,2018-05-10 01:52:28.137398,11
267,271,e8196df3cf572c80803,3,20,2025-03-04 07:27:52.898737,43
79,79,fb8f1ec1ac4b91598ce,5,20,2024-11-22 17:24:00.575483,29
801,841,a12aec9ab21b542bbb1,6,20,2024-09-27 13:23:56.924173,31
688,724,39424f5c51048c7ae48,7,20,2018-03-24 16:50:28.802627,46
520,540,fed64fb32798f98db8b,2,20,2025-09-06 12:10:37.913613,40
70,70,3da287ea25a98de40c0,7,20,2022-04-18 10:08:26.432583,16
824,864,1b3ea2254a87b38ebf5,4,20,2023-12-16 15:14:56.409541,17
44,44,dbf83a98fa8bad0519c,4,20,2020-01-26 13:46:38.529724,37
249,253,4ea27525b1f350972a7,8,20,2020-06-01 22:04:48.507524,42
188,192,bf76f48f4835668f1fd,8,20,2022-11-18 11:42:06.555831,19
240,244,37686ea9381f352b288,3,20,2022-08-30 00:20:12.868219,17
583,611,8b327d958aff95d6e7a,4,20,2024-01-04 06:24:03.606003,23
492,508,32bd29c7dae6c8ac90f,6,20,2020-09-25 11:54:33.514018,25
261,265,64e2364e0178de305b3,6,20,2024-05-09 22:30:52.690791,31
779,819,d17a7478dc9c1423b58,7,20,2023-09-17 16:50:06.968984,36
398,414,4513ceed5894c2a39a5,2,20,2022-11-14 10:38:38.267073,18
941,985,d57409077dd1b0d6937,3,20,2023-10-26 09:49:11.647409,47
244,248,cfaa7b5d3a4abea97ad,6,20,2020-04-09 06:51:34.856917,11
25,25,2ecfb6b33d0c8cfbd38,2,20,2018-07-23 12:25:57.596789,29
351,363,6dedde02c60a785ebdf,4,20,2024-02-28 22:24:44.210958,39
970,1018,070bb43e7ecf16a44a3,7,20,2020-09-02 22:23:21.995917,15
303,307,875869a1deed72e9d19,8,20,2023-11-27 01:37:15.211613,17
93,93,9eed3abcb6d27a5df45,1,20,2020-05-31 09:22:46.922871,14
564,592,e8dc4f33ca8b5b8d03b,5,20,2020-06-06 10:49:57.209246,23
704,740,33d58f5bf5b0c589d1c,9,20,2025-04-30 07:47:21.810238,27
424,440,29ac3edef68bef7058f,3,20,2023-12-22 09:06:10.772655,29
257,261,7d6cd23a3db9d572136,6,20,2025-06-30 06:22:13.783501,19
201,205,fb17638cce4c0e6964d,7,20,2023-10-15 04:18:16.449244,26
597,628,e7412ff02680d9a2c7c,1,20,2023-01-22 13:20:56.002073,25
46,46,4ddd65ff818a9591bb1,4,20,2023-05-22 09:11:46.277409,15
665,701,fd9b57990ae163d7f5d,3,20,2024-09-16 00:20:17.663225,19
616,648,1bc27827c658ec9809c,7,20,2021-06-30 21:21:04.55164,15
176,180,40ef7f313eb0953a7b3,5,20,2023-04-30 15:25:24.048489,44
173,177,1191d461588562197ac,4,20,2025-06-30 13:16:52.12528,48
453,469,72f5193dc66320835eb,6,20,2021-07-16 16:01:43.93373,40
965,1013,a75b9837f91e8854b25,5,20,2025-10-28 16:10:42.452812,35
138,142,5348a0b1852fc9ae62c,5,20,2021-03-21 16:23:00.090901,43
761,801,a892c180ff3c12eb4c0,3,20,2025-02-07 05:55:52.279548,39
726,766,cddb31878c07ff38bbc,6,20,2018-06-13 02:41:50.140982,37
491,507,499f8d320a81822f7ce,3,20,2018-12-06 17:30:06.385032,22
512,528,a20dbc750933ff474b3,0,20,2021-11-05 23:53:50.255455,48
204,208,050a91d9494fe99b8a6,3,20,2024-04-28 07:02:43.289394,28
624,660,fbbd5ba9e50eaf1b323,5,20,2025-04-15 07:42:46.24169,47
343,351,c965b727004a469f655,4,20,2021-09-30 13:34:49.007376,21
369,381,b11b86420544aef3430,4,20,2025-05-29 14:58:14.801857,23
573,601,11c24924d2d923605ec,6,20,2022-07-17 09:15:45.619245,11
477,493,068573794486b41f263,6,20,2021-07-20 03:57:09.352506,32
125,129,59d6840f0dbe3d63061,5,20,2018-05-11 22:24:02.042152,30
700,736,2b4302dd2ab98d48286,6,20,2020-03-03 07:45:38.668878,12
142,146,f54dcb15318ac31938b,2,20,2025-10-12 11:44:53.937241,13
69,69,5f508d03370cfd75e19,10,20,2021-09-14 00:39:52.182844,24
729,769,8cab2c98bee42bafd34,6,20,2024-03-01 07:05:40.460858,16
11,11,a20ef071f14281b1fa9,2,20,2021-05-11 12:22:09.134132,11
9,9,aea7327dfd384956469,8,20,2023-10-22 16:45:04.157915,49
165,169,2f42230f0a59755c4c0,5,20,2022-11-17 19:08:09.904426,34
168,172,ae2599840ee1f4de4be,9,20,2020-08-14 13:07:30.381707,38
879,923,f48271dcd4c35dffefc,5,20,2020-07-07 09:01:41.487084,12
960,1007,29732be713b45f8ac7c,9,20,2024-12-12 03:43:03.826383,30
372,384,8eac5a3d24b3ee9c652,1,20,2022-12-14 19:27:42.340169,37
952,996,d36b77eb4e0fb573331,4,20,2020-03-03 19:33:04.987913,44
964,1012,a637fd9d14f26de732a,4,20,2019-03-09 19:03:30.147825,17
812,852,c80accd7333a6c6774f,3,20,2025-03-17 01:40:42.516769,26
460,476,fb61fbb5b66685b4a37,9,20,2022-12-09 19:21:22.842752,26
434,450,fddf859326548e06a06,7,20,2024-12-20 09:46:41.730408,20
315,319,473e9bfa9b8670bcddd,2,20,2023-11-17 19:09:02.133485,49
850,890,4859e808a2b842e51aa,6,20,2020-05-03 14:19:21.602454,16
483,499,807c4e4f4e7a805f294,5,20,2019-12-20 03:39:10.450773,28
476,492,04d1e54889e7468774e,5,20,2020-10-29 20:57:47.089661,13
734,774,8fb01ffae68829f0d07,5,20,2021-04-25 06:44:00.181365,30
717,756,47d8560e1a83da75a73,4,20,2023-12-05 22:21:43.184519,47
297,301,7e99eb08aae5f78972f,4,20,2022-03-17 08:23:51.020842,24
950,994,b9a63665257cce87e12,6,20,2025-07-09 14:42:12.297157,21
218,222,b5716c062cc33f30365,2,20,2020-02-22 15:30:44.773463,43
897,941,6c15a7392b80acadc1a,2,20,2018-04-30 02:32:23.579136,27
206,210,e92de9c5a3a85b9bf82,3,20,2018-08-02 21:22:14.860304,35
493,509,e3538cbf7d9855f314e,6,20,2018-11-13 18:13:37.996711,41
751,791,caebcd0bda104d8a272,3,20,2024-02-17 21:54:19.411983,21
238,242,3e82fdfe34f494f6f15,8,20,2024-01-02 22:33:40.585978,49
371,383,1a9e3f8ab3076378643,6,20,2019-07-31 07:38:35.714008,31
576,604,b5d4f01289273f77bd3,6,20,2019-10-21 01:27:27.066606,17
589,617,e1afdda63b6d52ff22b,7,20,2019-07-29 05:58:27.528135,28
948,992,fcf91c55689e93b19b4,8,20,2022-04-15 08:18:24.65719,15
524,544,8f839dcdff3ff23bd77,7,20,2023-05-25 14:23:56.192718,37
800,840,4d7f6c70f0f7bc1001f,9,20,2023-11-24 17:25:07.621606,37
430,446,582cab722ab958375e9,3,20,2021-01-06 02:50:33.51425,44
242,246,233252361b42866c77c,7,20,2025-08-31 19:32:40.592447,26
340,348,da0f3a1a72de4eb74f4,5,20,2023-04-22 16:34:21.184474,14
651,687,d6bee98707048e37008,4,20,2025-06-12 10:36:39.738587,16
217,221,3f526f7ff6099d9c9ee,4,20,2020-10-09 05:17:11.904548,44
41,41,447c64e5a945548dbdf,2,20,2021-09-15 01:29:25.364582,18
185,189,42b9f314d5e7191eb16,3,20,2021-12-30 00:29:34.653698,46
605,637,767d891160cfc987122,5,20,2023-01-13 08:08:31.470545,27
910,954,08b7912572adb1b67cb,7,20,2021-08-21 15:03:06.2866,34
15,15,66505934c64479d1dd4,4,20,2020-01-06 15:46:36.973872,28
833,873,8b6e41c41692ceaca02,2,20,2022-02-24 07:28:21.751562,13
841,881,4b7e840050c21aea617,1,20,2019-08-16 23:57:43.305551,46
777,817,8a25e834f3a490f26aa,10,20,2021-09-08 14:10:25.373029,15
58,58,32e805cfe057ff53000,5,20,2021-12-21 22:13:06.236704,20
234,238,6e9830ef5cb7d5e9041,4,20,2023-02-02 09:15:44.705406,45
180,184,8949fa4ddc83858ddf3,7,20,2023-03-13 00:54:36.977872,15
519,539,6bd2bcc03a78c6aa038,8,20,2022-03-08 04:37:52.441498,42
384,400,1ec1c04750f04e173f0,2,20,2018-11-05 03:20:52.709338,16
462,478,f2bdd3d9ede6948836d,5,20,2018-04-06 01:04:54.664765,35
436,452,032b08ef0902660ea66,4,20,2025-04-21 17:59:32.541351,11
88,88,b93cb5293a8c0591ac3,8,20,2024-07-25 22:49:32.233385,45
461,477,4f06761346dd17aec41,4,20,2021-06-01 09:18:19.260035,42
930,974,92ca9ca49d6fc922832,1,20,2020-06-09 22:29:42.495198,45
860,900,634537877b0dc3d4d7e,4,20,2025-11-13 17:38:52.341082,31
49,49,64ec0ffcf9c9c459421,7,20,2019-11-14 23:00:10.764216,45
932,976,f917b27035abb4f254b,4,20,2020-09-20 11:20:28.03763,10
766,806,5325c4127486283b929,7,20,2021-10-13 06:41:39.224584,19
595,623,a6d54acb67b94019692,2,20,2019-04-12 08:24:23.238224,38
792,832,6d52d1e63b0d685482f,2,20,2019-10-26 12:21:06.943314,47
559,587,5445c23fa6bef38d85e,3,20,2025-05-17 07:17:39.837586,40
878,922,7f7244f32f920aa4603,4,20,2022-05-23 04:57:27.189481,50
774,814,a5c68b32039cffca9db,2,20,2020-06-15 20:31:24.77309,26
869,913,194fc79817fccb55246,5,20,2023-03-06 17:30:46.451673,23
971,1019,dce589cdb6ef02d6209,4,20,2025-06-29 22:46:04.337589,44
121,124,238dd9bc995d2c84435,14,20,2023-01-08 12:37:04.316368,23
755,795,cdfc3849f62a81ed19a,4,20,2024-02-20 00:36:10.169513,45
866,910,dbbb6d3db27628c4a1c,5,20,2018-03-08 15:51:21.770561,46
339,347,c6d672516ec696ed354,3,20,2022-06-26 09:09:21.369037,17
511,527,8365f78c1e18d6d0543,4,20,2018-06-03 13:29:39.350592,38
198,202,df2848839f0672d6a33,7,20,2018-11-15 13:24:24.579193,20
958,1004,9e4913f5e4c71affcb3,9,20,2018-01-02 00:08:03.952623,26
752,792,02c327d23c059594785,5,20,2019-10-19 03:55:13.725193,17
851,891,e3a87872b0c53565a8b,4,20,2025-05-11 11:06:34.097789,17
770,810,8a0fdbe1ca963bfe955,13,20,2018-12-31 05:52:16.351967,26
921,965,a25b11c01108d4d0901,6,20,2025-12-19 20:37:31.170843,29
868,912,3e4eb35a791d564472a,9,20,2023-02-17 00:42:02.868217,43
456,472,00aca8b9d448e7d869b,5,20,2025-01-28 14:18:22.241433,48
796,836,355de6d302f3a8cb2a4,7,20,2022-08-20 05:37:39.178404,44
416,432,354c529cbc38974229f,7,20,2023-09-28 05:58:33.783318,42
809,849,75743b1cc35bf7a30f1,8,20,2020-05-20 00:12:29.523554,22
618,650,90f4e2f417bb1dea7cc,6,20,2024-05-03 23:31:44.932199,47
392,408,1f1e9ded8c16e4896cc,8,20,2020-02-22 10:55:04.420703,13
580,608,74a6333a92e9352ebea,3,20,2020-03-04 09:22:25.946373,18
193,197,0fb07815dac2e8ea7a5,2,20,2021-07-31 13:00:20.977137,32
145,149,b599d8c584ccc206181,7,20,2021-01-03 10:32:22.541533,25
403,419,fe4f1eecf56375f1a5c,6,20,2021-08-24 05:14:08.983221,17
549,577,6f738cd66d8fe236234,5,20,2022-07-26 12:28:57.749646,19
759,799,0a9963a52c2771edd95,4,20,2022-07-23 08:15:15.136735,22
291,295,5e259a588d8c8076a99,5,20,2018-11-02 14:43:18.843711,50
61,61,c81db9301565df55587,5,20,2019-04-24 16:42:28.477647,49
253,257,59a67880f5f3408918b,8,20,2019-01-27 23:39:09.604402,40
133,137,7068c00e19851810274,6,20,2023-01-13 09:36:42.691935,20
638,674,2644aa5377dc086b2f7,5,20,2019-04-01 01:55:13.303339,40
160,164,bdfe136519381054c0e,5,20,2022-11-25 18:51:55.301713,24
644,680,965de858ffe5ab7aff0,10,20,2020-08-08 12:21:41.109725,29
743,783,beadb53f0c094b26e2f,5,20,2024-07-10 10:59:47.913484,18
816,856,70e4257934a32c33dea,5,20,2019-04-06 13:53:03.831293,37
74,74,84187d6cdbbb3d73aac,7,20,2019-09-27 12:27:51.881131,49
312,316,281083ad64eadc903cf,3,20,2020-03-12 06:42:03.127357,22
935,979,ebea9f73c8db7890ecd,5,20,2022-06-17 10:06:03.538418,25
132,136,951d2e7cf3ea84d92b5,6,20,2025-07-17 21:47:23.534501,18
269,273,385fffa7d4b386398b5,9,20,2024-05-18 20:21:30.604953,15
788,828,d40d9558d7045c46685,4,20,2021-06-25 02:41:35.566075,15
782,822,b47b823280145065272,6,20,2018-09-30 01:00:39.061373,10
721,761,07877a574c9eea6e65e,6,20,2023-12-08 13:38:02.487366,37
112,112,209763f3062030f7265,3,20,2018-12-25 12:05:59.622213,14
666,702,15f74c8975fc51f61c0,7,20,2025-06-17 16:56:32.671316,25
186,190,367c340072a94264795,3,20,2019-02-07 07:03:09.923353,36
814,854,293fd72900d2ca328bf,5,20,2024-07-27 18:05:12.859853,42
294,298,d251112b5995bce3c62,7,20,2024-02-06 08:42:28.547315,39
59,59,068de357a40cb18653c,4,20,2024-08-06 08:49:45.853267,22
608,640,26e55916ae6d4406a66,3,20,2021-06-12 06:08:50.75657,43
394,410,3916acdd713862c44ea,8,20,2022-02-06 18:31:36.139643,34
156,160,34aacf054181fa5f600,6,20,2020-12-02 00:51:32.64754,21
282,286,20dda8a0ce6f6418aae,5,20,2024-12-29 09:19:47.396986,25
513,529,d03d20f81f9364d7cdd,9,20,2022-06-18 05:44:20.911415,33
825,865,4fb78c25a8805676939,7,20,2019-08-22 06:48:04.581374,22
562,590,ac7a0ae7182771cfcaf,3,20,2022-04-05 02:01:52.480997,27
452,468,64b40917535ad06cead,6,20,2018-01-05 15:40:50.711602,40
352,364,1e9344e979aef4e3f1a,4,20,2021-02-23 00:04:46.477433,21
183,187,94875a5da221cea117e,5,20,2024-04-02 19:25:24.871239,41
122,125,d4b81ea172521096c0e,4,20,2022-01-29 19:34:36.843543,36
940,984,a658364c62741e57f57,1,20,2019-01-06 20:41:45.653951,44
161,165,79ad7fdbd665d91323f,6,20,2021-12-15 10:30:54.887954,14
182,186,242929523276da04f37,5,20,2023-09-07 08:32:19.172727,17
270,274,72c509d59602e7f9369,5,20,2023-01-04 18:39:28.254094,13
621,655,acd14700261ce2dd570,4,20,2022-09-24 23:21:09.418117,14
725,765,03bbd8bbea5982c3ce7,4,20,2020-02-03 02:24:05.282191,13
484,500,34af7ef8ecfb2c0ee82,4,20,2025-01-25 14:18:50.836731,17
335,341,88b3d53d0c20d70c371,4,20,2024-01-07 02:59:11.51707,42
202,206,102417d7815c71f2888,7,20,2020-10-14 14:09:57.587019,18
265,269,e06fc389124e1670f27,8,20,2020-05-19 10:26:28.694731,27
508,524,86db3bea73556f2b88d,6,20,2021-06-06 15:52:48.671181,37
647,683,dd184f40643723cdbfb,2,20,2023-04-16 23:07:43.776761,34
784,824,ee9dd5b8e2bd3b68a14,7,20,2021-08-07 07:59:23.524371,19
195,199,abd0c0c95c493369fe8,9,20,2024-07-20 00:06:22.397966,22
813,853,ee5bdb268e3fb02a7da,6,20,2022-11-22 09:46:30.695845,29
557,585,2d3476efc61b06417d0,1,20,2022-02-15 10:13:24.453848,18
388,404,318982136b50657ad27,8,20,2021-04-02 01:42:35.246473,27
344,354,5f0582fff45aba7571f,4,20,2018-09-08 03:22:56.245366,24
521,541,0ee233da78dc467dfd2,6,20,2023-04-12 05:29:27.833203,23
373,385,15c927373102689a003,7,20,2022-01-24 09:53:41.867094,36
243,247,cc6b9829b3cff703215,7,20,2024-12-01 05:56:41.748015,19
208,212,f3b2e4adbd7e3c96cca,6,20,2020-11-30 03:09:38.84103,23
94,94,0d433c67f0f6c12dc78,7,20,2019-11-05 11:51:40.264635,33
849,889,9b321dde25206249a13,6,20,2018-03-23 20:21:10.853113,46
304,308,e74621fb674171d1a99,4,20,2018-12-11 04:23:43.269133,44
450,466,5572bfb2d234e9072a8,4,20,2021-06-13 10:55:16.159179,26
375,387,c88297c0170341082ab,7,20,2022-09-09 10:03:28.188685,36
468,484,dea5587ffea676fd47e,3,20,2020-01-29 08:53:54.630374,15
100,100,69f9a51b41000a9db93,3,20,2024-06-12 02:17:45.417064,20
278,282,bc618857f7c4274037d,3,20,2020-12-01 07:46:39.819792,32
152,156,74f066067269ccc2371,4,20,2019-08-19 18:21:59.509291,22
89,89,2483ebb80f385b282f7,4,20,2025-05-05 18:21:25.678364,18
548,576,2c6ec09a515666138a8,3,20,2018-03-30 09:13:12.53496,36
47,47,76ccb7ec739149f903a,2,20,2025-07-21 03:11:11.591381,41
540,568,e4c4a6a60e0e12e7884,4,20,2021-02-06 12:41:02.993652,48
162,166,5874436def4c62d4d30,4,20,2024-10-09 16:51:00.329688,24
237,241,6a2316e54f566096548,6,20,2020-11-30 04:11:49.105887,34
504,520,a8e33a13b63d50328ae,4,20,2025-03-02 21:15:06.315592,35
307,311,c065e31e0f636a8d67b,2,20,2019-08-01 21:34:30.663254,13
90,90,dbaf6bba8e4f4563e08,3,20,2022-01-26 06:31:21.852532,25
479,495,4563aa321906e2f99bf,4,20,2018-03-07 11:15:45.035222,23
431,447,ace6c4f0c0d2b7f1bd2,8,20,2025-11-14 07:42:37.632042,42
870,914,96cccd3d05e5b814ba5,4,20,2023-09-29 20:32:08.351676,29
703,739,69809cd1182599bbfa6,6,20,2022-04-02 00:06:11.560752,11
447,463,23b783e21b7c4fdd31a,3,20,2018-07-14 14:32:10.664758,27
472,488,6ee1e32fa4c8805d5fa,3,20,2023-03-09 02:31:21.483635,35
250,254,19e134e767ca5a55fdb,3,20,2021-08-16 14:24:28.969521,18
746,786,1d1b4ae4248839d22ad,5,20,2022-02-08 03:03:04.76277,21
880,924,1206bb5982b667833ce,5,20,2023-02-15 21:36:31.774363,36
229,233,56d520d69c338adc554,6,20,2019-04-15 20:45:20.37509,21
659,695,ca2c14ab85aa4005231,6,20,2019-01-26 17:45:14.190106,48
558,586,8edead19a387f9297a0,3,20,2024-08-26 18:37:06.625336,36
625,661,5f51706bf115291c3e7,7,20,2023-07-14 14:44:32.102058,19
285,289,f947ea617a19732ca24,3,20,2024-12-12 14:31:16.819675,47
27,27,9a5cc50ad91505e9741,4,20,2018-01-03 19:10:39.35853,11
723,763,947c98715072ef6f361,7,20,2018-06-10 19:55:50.166079,19
497,513,f45f76cb945e50cc713,6,20,2021-11-18 23:29:21.287137,26
503,519,0954b188878f79764ab,4,20,2019-04-25 19:59:24.025913,21
865,907,1c43297819bdef09385,5,20,2019-01-31 15:19:47.971375,33
641,677,01e0d0e757bff1af3f9,7,20,2018-08-02 04:38:22.946705,22
783,823,3305345df8d5a2b880b,9,20,2024-10-29 18:35:32.671184,19
588,616,65dc6ea1fb749ce11fb,5,20,2019-01-24 23:17:03.887014,23
439,455,1cd001f9a44bbbd2f3e,7,20,2024-01-07 15:53:16.771742,31
171,175,a5126eb2e0bc522a1fc,6,20,2022-07-07 21:18:29.611652,29
603,635,7ec5d21659e22d67799,13,20,2024-10-19 20:14:00.849406,13
771,811,84382eb192d0ec03f1e,7,20,2024-11-04 21:23:25.791853,18
547,575,24f7f7be70aeeb85f87,3,20,2021-11-15 23:04:37.055985,45
570,598,66201d1411d09f04180,4,20,2021-01-04 18:24:47.882624,22
650,686,e5b5b1d9a8f324c9b4f,3,20,2020-01-03 14:29:04.898235,29
628,664,e0cd60161a395e7a3ef,7,20,2022-02-14 08:24:53.599351,39
753,793,83c6bee730de0cb37d0,9,20,2018-12-13 09:17:05.08907,22
2,2,908f3838b4d821af1a8,5,20,2025-08-05 22:56:42.707321,23
172,176,63212cd630c4a5e9133,4,20,2019-08-01 09:22:10.75935,37
911,955,12666c4fa4404b0c2b6,5,20,2021-01-18 01:51:26.99739,33
711,747,6c38db4729e5b542f25,9,20,2018-08-10 20:52:25.415989,24
919,963,6aa20714fa1d493d5ee,6,20,2023-12-19 19:21:21.895533,23
43,43,ce06d16760d4e0fe15d,6,20,2021-01-26 00:06:57.360813,46
451,467,652cb498f7e87bd6dbd,7,20,2018-03-02 10:21:06.008786,11
626,662,188eca972b1bf910ef8,1,20,2024-09-03 08:22:35.918654,39
178,182,64dff37e76a8c189a7c,10,20,2022-11-23 22:31:46.775631,34
584,612,c2c2022acb09025a7c4,9,20,2020-04-25 16:59:52.849225,22
102,102,6d3e5b6b1e38f32ec8d,6,20,2025-09-09 05:03:54.896318,42
689,725,11c3519118e9d499180,4,20,2021-01-04 17:33:37.438306,45
687,723,c95fb99c27fbf5472cf,5,20,2025-08-11 20:52:48.640884,41
288,292,99a9ef44138325e16e2,3,20,2020-10-10 10:26:29.079498,24
151,155,1559bb94cab415119eb,4,20,2024-10-31 15:19:34.443807,26
334,340,a8abce1193d3e5d7f33,2,20,2019-12-29 11:13:29.649032,10
326,330,0a95be430b79535c9d6,2,20,2023-11-10 02:15:45.434758,43
536,564,c75b4407277200513a7,3,20,2023-10-10 19:24:47.94693,40
284,288,5117fc4e9994737daea,0,20,2024-03-10 22:11:37.673616,17
305,309,90d1e386077b67fadea,5,20,2021-12-16 15:34:14.403713,29
222,226,0c53d990734bf1426ad,2,20,2024-06-17 21:27:42.710345,38
787,827,b0f554792aa8a0e1df9,8,20,2025-04-10 06:35:19.426639,47
459,475,89af93192e5cd2f1e55,6,20,2024-01-09 22:54:25.268177,16
858,898,b435dd78fb8b884e15f,2,20,2022-10-15 17:43:46.085947,14
73,73,8856c270ddafa5b734e,3,20,2023-11-12 16:34:40.772564,18
776,816,78ed80578f5fe2088a9,2,20,2018-11-29 02:16:15.868486,32
724,764,67031a0e2cef3786c50,6,20,2024-08-22 18:09:00.637887,23
857,897,b1dd2607203cd3b1803,4,20,2018-05-24 07:22:10.823307,42
203,207,e782db420776d1e5438,5,20,2022-10-09 08:49:44.384751,22
794,834,d416da5a632fb68ed5b,8,20,2024-01-21 07:36:42.596321,20
750,790,61d8d431bf942265c2c,6,20,2020-10-29 05:07:02.942529,26
126,130,cef8cd1ba08bbcd5e8f,3,20,2020-09-20 18:18:01.247006,42
953,997,a7d83ccec2e97f1ab39,6,20,2020-08-15 17:54:12.094531,32
715,753,d34ce61126c43d31996,2,20,2024-08-14 21:01:22.95235,38
225,229,42037e85c6dadf65b05,3,20,2024-08-29 10:45:23.85042,29
137,141,2643b56c9fc5819f88b,5,20,2025-08-24 08:14:29.219794,44
673,709,da06691cd3ed600b2c7,1,20,2020-07-04 03:13:31.374251,28
420,436,cb6fa3e85363712554d,5,20,2022-01-18 14:49:32.322718,13
337,344,d3b0729ffcf2a89e8bf,5,20,2020-12-28 20:01:00.786967,32
57,57,522dfdee6b8fde39374,1,20,2020-07-21 12:24:04.198025,20
822,862,4977f96b88008d373f8,4,20,2018-12-23 16:05:08.2584,49
528,552,6b1c1d2bb0409be9b1b,2,20,2018-05-08 00:14:01.789933,26
329,333,537b5c15f27cd01c0b9,10,20,2024-09-21 07:35:09.450772,25
264,268,f2e4a558f8a81fc6d9c,5,20,2020-03-27 23:09:30.834909,13
5,5,9e1f270b0c255f13ce4,6,20,2021-09-30 05:25:43.73649,38
4,4,5dc3ec5411a0581722d,8,20,2025-10-02 13:19:56.51272,29
896,940,bdc4510a109a0899729,2,20,2021-07-27 15:27:53.900329,50
680,716,8c7fd2d510fe6803cdd,2,20,2023-09-08 01:45:40.967459,35
877,921,377dd2df495ed0832a5,7,20,2024-04-12 15:33:40.80365,42
321,325,f62776f06b7d2725280,4,20,2021-03-29 12:42:41.598937,13
105,105,de9f207a4cc04d68724,7,20,2020-01-17 11:42:26.637011,25
808,848,845f3b339fe94b7c314,5,20,2018-12-26 02:22:39.624517,40
159,163,ff6ccff8ae974bd4b05,5,20,2021-02-22 07:44:29.214903,32
610,642,a0638769942365ed2b6,5,20,2025-05-30 18:09:52.37857,32
594,622,7a79838959918a5333a,4,20,2022-03-27 17:58:49.286192,36
893,937,8492f71ae8791839e67,5,20,2018-11-24 08:57:38.936459,19
909,953,7652bf4ead24949e55a,2,20,2021-02-20 09:34:01.874942,25
747,787,454f358f5f3dca31b76,7,20,2020-09-28 08:35:12.558176,39
214,218,e115c5ac32c8c9d8c4a,4,20,2021-04-22 13:33:07.401186,48
324,328,a5b68f7863adc251f61,6,20,2020-08-19 17:12:28.178366,14
690,726,ded53b892efb8635516,4,20,2018-08-20 13:44:52.25184,19
683,719,1a35266af96c47eed37,5,20,2019-01-08 21:09:37.46432,13
116,116,9bb6ab5777d63e92fae,4,20,2019-07-04 00:55:10.800792,17
72,72,c953d65e40272698a18,4,20,2019-10-30 08:26:25.899135,12
728,768,4fc88400ac6fd45eba6,14,20,2025-05-08 14:48:33.507297,50
177,181,7b987248372ae135aa5,3,20,2021-03-03 22:55:22.706231,13
662,698,7769db33a00f55fe4e3,4,20,2020-09-12 12:02:20.007933,21
556,584,7fd9bc2e5bbf11867d8,2,20,2019-03-14 19:25:52.070775,36
118,119,3f695fa7cf4b8bc44f7,3,20,2023-06-10 17:02:33.219845,25
611,643,ff911a1ac2ccbca7048,3,20,2018-03-15 07:43:41.788477,47
677,713,7be628cfe183ca6dbd4,4,20,2020-10-21 23:26:59.656036,43
299,303,9ebc85502344908f6c5,6,20,2020-12-31 16:57:04.414172,11
830,870,c0c10353ba163414296,3,20,2024-07-11 22:02:13.914444,30
706,742,38e9c714ac244f3ace1,4,20,2024-12-17 22:15:56.451677,44
568,596,ad1c7b92b82cb1a417b,5,20,2025-02-11 01:54:33.123842,30
35,35,272e2b1822e6b45605a,5,20,2022-02-26 05:09:05.975456,47
84,84,cacc751f60642ffa911,3,20,2021-07-10 12:26:42.370877,47
532,558,3e397b0d63deefd7f80,7,20,2023-09-06 21:46:20.578961,14
387,403,d0e5178000c872f2279,5,20,2021-12-16 17:34:56.60752,39
475,491,851943921e17b830567,4,20,2023-12-01 12:37:39.285742,40
886,930,2fe87f5089cc4965cda,8,20,2021-02-17 15:42:03.936054,34
275,279,d6c22ecbe45afd23a4b,9,20,2025-07-13 13:56:37.052918,42
654,690,999376f14ab76f186eb,6,20,2018-09-02 09:01:24.643686,19
957,1003,131d90f7fcfa709bf71,5,20,2025-02-06 00:08:53.05755,38
1,1,858bb57a2ae0d9d0538,4,20,2024-06-23 22:59:26.963241,22
17,17,eef62f808f51ab0aff2,8,20,2020-05-11 05:10:13.897363,38
682,718,ca0ed8302c617658262,8,20,2024-02-05 22:52:01.371037,18
951,995,edd8cee2496f0bae4c9,3,20,2023-06-27 19:18:06.621437,36
876,920,2b714568be716a86624,5,20,2020-12-18 00:06:17.932669,37
409,425,3eee04123105de0b617,4,20,2024-12-09 23:38:53.968269,13
209,213,d9f954108f742053aae,4,20,2018-01-04 10:03:52.97322,36
12,12,6ffd5ce8898bca97e79,4,20,2018-09-07 01:58:33.996754,46
444,460,6e5303af968befb6701,2,20,2022-10-07 21:59:44.711935,36
740,780,b6c5b8db2d3ec8c4fc1,8,20,2019-03-03 04:28:02.707463,19
966,1014,09452a93aa5a564c46b,5,20,2024-02-08 15:50:19.964475,13
406,422,834e5f325f418e1a93c,4,20,2019-03-22 07:24:48.332397,38
924,968,38d257f75618ee68f6e,7,20,2024-07-24 04:27:04.498046,19
359,371,15e90728af407212143,2,20,2019-04-17 17:56:23.117671,47
623,659,b0e090e26fd4b329d87,4,20,2024-02-27 07:34:53.415585,14
279,283,db2c8abf08b5cc43ba1,5,20,2021-03-22 11:39:01.532874,36
423,439,2324eb395010d39f589,7,20,2021-10-23 01:43:51.906933,41
672,708,72242b194f3f4ba595a,7,20,2018-12-21 20:17:20.286732,23
842,882,95dd61f5a3d06d7c191,8,20,2018-01-05 09:15:29.516966,18
591,619,02893627c4cd01f4d33,6,20,2020-06-19 20:03:28.360102,10
129,133,14cfe39f66d268afbef,6,20,2019-04-17 13:18:30.643426,11
258,262,28f04c707c5e648ad46,5,20,2025-05-15 15:56:55.66408,37
646,682,b6f0b995e4971deb2ad,15,20,2025-08-26 03:57:02.380494,14
933,977,493ea66090a51c3bfd7,6,20,2025-06-11 05:16:14.507088,22
154,158,c6aa8ac5d224d97ddf8,6,20,2021-11-12 09:57:25.394232,46
974,1022,2d7509c755a06f1cbc6,1,20,2024-03-23 12:10:58.799952,23
609,641,c70aa8afea027b26a2d,6,20,2020-06-06 11:22:48.89206,28
