id,user_id,schedule_id
1,365,685
2,163,81
3,324,145
4,515,560
5,788,427
6,524,293
7,37,613
8,345,519
9,760,868
10,789,357
11,39,549
12,28,263
13,570,49
14,271,883
15,672,28
16,874,324
17,752,525
18,979,914
19,305,305
20,698,163
21,273,323
22,612,102
23,779,901
24,503,837
25,93,625
26,215,88
27,318,768
28,748,849
29,190,467
30,597,239
31,215,980
32,564,376
33,118,189
34,868,799
35,515,805
36,588,856
37,675,867
38,53,728
39,96,793
40,903,185
41,648,937
42,945,301
43,978,589
44,558,536
45,993,960
46,667,612
47,142,353
48,680,200
49,456,748
50,356,817
51,311,748
52,201,562
53,19,269
54,774,416
55,464,901
56,419,480
57,795,220
58,916,495
59,198,637
60,824,488
61,20,143
62,76,868
63,157,288
64,347,320
65,598,544
66,748,599
67,564,165
68,950,437
69,703,853
70,659,780
71,776,107
72,528,828
73,756,719
74,610,39
75,267,959
76,226,793
77,240,587
78,230,742
79,691,521
80,395,216
81,899,529
82,647,913
83,633,879
84,991,821
85,272,338
86,385,846
87,894,82
88,787,829
89,711,596
90,244,208
91,722,642
92,990,855
93,779,935
94,925,607
95,420,727
96,147,963
97,558,289
98,335,584
99,876,113
100,672,451
101,125,690
102,839,246
103,388,442
104,18,796
105,958,271
106,521,590
107,417,892
108,780,876
109,469,420
110,399,529
111,372,219
112,343,3
113,696,355
114,516,195
115,842,226
116,997,978
117,910,275
118,658,361
119,955,149
120,978,926
121,478,9
122,40,464
123,511,896
124,812,21
125,889,402
126,828,7
127,265,43
128,657,400
129,577,515
130,52,358
131,14,3
132,207,324
133,42,422
134,460,437
135,709,932
136,902,519
137,788,666
138,464,373
139,980,551
140,471,100
141,424,280
142,6,609
143,880,123
144,130,401
145,985,925
146,196,753
147,93,323
148,663,532
149,390,680
150,531,424
151,49,72
152,84,259
153,377,658
154,458,195
155,959,252
156,69,672
157,441,419
158,54,809
159,375,544
160,518,78
161,460,190
162,132,728
163,141,619
164,774,193
165,990,706
166,227,84
167,166,395
168,797,903
169,556,551
170,963,104
171,42,377
172,674,592
173,884,386
174,291,75
175,98,619
176,532,156
177,323,131
178,32,950
179,363,370
180,513,208
181,870,164
182,743,787
183,900,36
184,436,718
185,929,237
186,115,820
187,159,794
188,163,282
189,873,289
190,551,971
191,466,484
192,576,61
193,249,643
194,806,282
195,121,131
196,804,692
197,111,629
198,325,887
199,239,136
200,729,968
201,969,402
202,519,463
203,676,699
204,165,137
205,569,964
206,804,294
207,390,14
208,337,336
209,610,329
210,443,344
211,776,81
212,640,702
213,921,814
214,763,127
215,545,89
216,903,365
217,51,823
218,41,747
219,972,953
220,187,883
221,272,231
222,629,204
223,483,381
224,202,163
225,804,440
226,540,427
227,720,767
228,892,254
229,972,128
230,869,644
231,717,648
232,424,616
233,912,903
234,341,855
235,144,161
236,212,178
237,932,707
238,671,638
239,42,105
240,531,936
241,468,720
242,989,644
243,266,426
244,271,607
245,600,445
246,550,956
247,362,276
248,509,382
249,646,394
250,518,127
251,554,816
252,229,163
253,341,549
254,18,197
255,425,132
256,50,646
257,350,443
258,454,360
259,759,887
260,50,187
261,465,879
262,46,182
263,674,287
264,623,691
265,335,625
266,823,948
267,186,383
268,397,341
269,882,343
270,927,826
271,993,244
272,629,40
273,811,486
274,646,482
275,432,452
276,722,761
277,617,789
278,910,35
279,207,662
280,50,306
281,48,632
282,252,347
283,131,831
284,275,571
285,551,569
286,546,156
287,338,453
288,165,856
289,664,477
290,388,510
291,721,548
292,628,445
293,369,699
294,542,320
295,761,537
296,783,799
297,894,691
298,448,714
299,135,733
300,428,235
301,609,133
302,453,585
303,587,564
304,474,250
305,979,661
306,914,694
307,463,607
308,667,79
309,260,77
310,453,79
311,594,439
312,679,21
313,385,145
314,364,823
315,1,251
316,139,742
317,184,178
318,173,864
319,963,624
320,74,468
321,418,195
322,559,121
323,214,775
324,454,701
325,592,228
326,381,927
327,559,524
328,94,569
329,121,170
330,694,551
331,338,252
332,801,730
333,706,657
334,615,187
335,186,297
336,269,520
337,481,728
338,423,629
339,3,158
340,246,900
341,629,595
342,368,748
343,269,827
344,85,585
345,82,150
346,718,845
347,374,92
348,473,388
349,346,458
350,679,916
351,987,953
352,126,136
353,132,591
354,511,115
355,562,460
356,665,288
357,640,717
358,876,625
359,1000,652
360,131,244
361,352,6
362,21,208
363,295,151
364,759,573
365,455,787
366,191,36
367,193,412
368,585,307
369,934,685
370,560,439
371,585,772
372,224,816
373,219,498
374,466,269
375,901,184
376,103,578
377,167,721
378,962,668
379,652,777
380,161,922
381,545,270
382,55,777
383,603,829
384,123,628
385,799,770
386,479,7
387,63,469
388,272,770
389,726,290
390,620,425
391,341,177
392,203,384
393,743,329
394,517,407
395,725,605
396,370,465
397,439,335
398,552,266
399,191,729
400,150,392
401,218,54
402,966,116
403,101,446
404,395,352
405,667,488
406,757,895
407,175,819
408,633,136
409,94,402
410,705,502
411,344,391
412,149,49
413,949,813
414,570,688
415,981,498
416,349,918
417,453,705
418,197,448
419,244,649
420,383,887
421,179,852
422,489,167
423,248,824
424,156,808
425,176,67
426,138,169
427,509,661
428,907,885
429,430,700
430,863,338
431,410,52
432,141,208
433,231,860
434,576,903
435,18,879
436,562,383
437,963,450
438,264,22
439,605,927
440,256,59
441,276,711
442,547,634
443,13,980
444,680,639
445,485,754
446,772,646
447,215,362
448,283,575
449,269,285
450,487,185
451,857,737
452,180,241
453,188,914
454,461,939
455,562,865
456,456,965
457,890,744
458,597,780
459,558,231
460,184,648
461,281,848
462,121,10
463,631,967
464,239,250
465,614,669
466,852,335
467,528,635
468,360,660
469,12,822
470,88,338
471,794,175
472,650,130
473,381,360
474,843,653
475,211,651
476,436,354
477,203,782
478,343,154
479,375,346
480,344,800
481,587,906
482,451,374
483,418,241
484,264,361
485,420,390
486,89,268
487,785,42
488,79,215
489,533,656
490,116,963
491,314,867
492,893,28
493,557,746
494,727,53
495,788,408
496,630,628
497,690,922
498,861,36
499,642,672
500,64,874
501,673,611
502,878,355
503,982,912
504,873,493
505,356,165
506,195,391
507,603,145
508,642,800
509,979,130
510,623,182
511,379,264
512,910,746
513,756,655
514,101,692
515,245,524
516,306,913
517,104,963
518,462,220
519,51,544
520,863,444
521,971,66
522,482,141
523,789,726
524,812,704
525,552,369
526,369,658
527,668,879
528,301,577
529,293,618
530,821,121
531,923,420
532,940,703
533,698,271
534,567,880
535,612,839
536,998,427
537,572,908
538,977,597
539,275,324
540,671,366
541,99,467
542,297,311
543,409,958
544,258,70
545,422,978
546,607,120
547,539,586
548,744,140
549,366,360
550,465,37
551,633,270
552,795,44
553,454,797
554,880,216
555,850,156
556,878,763
557,228,622
558,340,243
559,994,291
560,910,123
561,33,207
562,693,960
563,70,514
564,613,399
565,273,787
566,998,272
567,147,794
568,679,747
569,491,125
570,684,112
571,525,868
572,160,518
573,372,163
574,92,690
575,612,162
576,578,445
577,656,53
578,305,778
579,561,280
580,931,506
581,532,570
582,948,584
583,915,901
584,830,855
585,630,619
586,231,270
587,317,747
588,631,710
589,818,481
590,669,460
591,392,78
592,85,655
593,964,339
594,381,769
595,380,24
596,626,584
597,435,914
598,453,204
599,559,389
600,769,564
601,100,749
602,437,196
603,88,704
604,678,889
605,471,575
606,633,821
607,354,919
608,242,188
609,879,572
610,551,324
611,827,569
612,890,109
613,880,762
614,991,936
615,952,734
616,920,787
617,196,790
618,747,865
619,92,439
620,484,223
621,559,507
622,964,452
623,778,610
624,720,937
625,474,411
626,765,419
627,523,777
628,519,695
629,954,212
630,195,637
631,47,393
632,170,900
633,427,972
634,288,337
635,129,459
636,961,959
637,574,603
638,728,31
639,750,603
640,993,247
641,933,138
642,429,947
643,418,834
644,48,149
645,337,159
646,554,42
647,122,66
648,378,568
649,540,585
650,798,648
651,1000,723
652,542,857
653,824,529
654,101,535
655,55,149
656,205,911
657,379,84
658,845,113
659,98,277
660,806,191
661,252,319
662,386,550
663,565,960
664,651,910
665,88,362
666,215,139
667,129,110
668,404,762
669,650,882
670,456,658
671,489,513
672,847,840
673,92,586
674,257,90
675,419,838
676,828,412
677,941,568
678,462,674
679,732,592
680,177,171
681,717,24
682,55,293
683,869,61
684,493,728
685,441,523
686,447,404
687,41,749
688,780,223
689,742,945
690,334,431
691,16,466
692,366,48
693,628,877
694,570,331
695,689,475
696,234,711
697,315,926
698,265,651
699,411,198
700,278,748
701,746,795
702,844,695
703,528,91
704,514,63
705,733,464
706,298,935
707,687,483
708,852,756
709,190,427
710,742,844
711,829,358
712,222,641
713,318,52
714,767,631
715,397,590
716,335,708
717,921,650
718,378,86
719,920,637
720,723,360
721,429,34
722,54,340
723,2,578
724,754,212
725,639,954
726,952,653
727,986,960
728,617,671
729,202,501
730,896,3
731,292,338
732,868,627
733,877,712
734,491,369
735,653,683
736,667,782
737,614,342
738,49,391
739,377,692
740,582,425
741,54,501
742,419,497
743,560,826
744,389,876
745,800,771
746,663,240
747,669,459
748,313,590
749,485,20
750,747,267
751,392,933
752,29,52
753,472,406
754,393,31
755,111,403
756,752,1
757,336,186
758,957,790
759,265,277
760,821,904
761,801,749
762,423,3
763,101,532
764,481,747
765,863,396
766,915,78
767,563,286
768,66,443
769,619,780
770,988,849
771,568,756
772,5,32
773,737,245
774,692,614
775,429,137
776,72,690
777,504,68
778,615,150
779,544,155
780,78,576
781,551,281
782,230,307
783,780,39
784,58,428
785,661,589
786,137,602
787,152,511
788,782,840
789,849,180
790,687,755
791,897,192
792,848,45
793,668,578
794,424,721
795,545,135
796,996,623
797,85,454
798,239,770
799,649,586
800,259,338
801,289,424
802,341,28
803,293,107
804,467,95
805,782,695
806,718,427
807,4,399
808,507,799
809,108,924
810,32,744
811,509,842
812,282,395
813,569,555
814,141,768
815,396,866
816,542,46
817,326,981
818,325,289
819,9,15
820,647,310
821,995,455
822,763,482
823,193,198
824,466,852
825,201,321
826,219,322
827,575,25
828,823,813
829,854,143
830,489,581
831,973,148
832,918,263
833,833,888
834,75,238
835,357,469
836,194,603
837,62,396
838,862,887
839,354,615
840,70,410
841,895,120
842,59,658
843,120,700
844,916,952
845,673,348
846,964,924
847,687,698
848,925,566
849,769,882
850,2,334
851,381,438
852,927,670
853,811,755
854,118,278
855,806,438
856,589,958
857,658,809
858,604,801
859,994,557
860,798,614
861,191,343
862,345,154
863,717,659
864,719,919
865,782,588
866,285,760
867,924,303
868,782,117
869,753,327
870,775,306
871,862,302
872,674,434
873,668,442
874,135,64
875,251,839
876,83,561
877,106,592
878,990,620
879,744,109
880,632,798
881,45,562
882,227,332
883,219,383
884,870,382
885,675,1
886,770,386
887,450,693
888,565,683
889,96,675
890,118,845
891,440,924
892,223,892
893,318,727
894,566,976
895,587,877
896,826,368
897,985,582
898,902,413
899,458,211
900,628,800
901,840,690
902,737,655
903,952,50
904,762,337
905,872,197
906,522,134
907,755,622
908,332,550
909,766,256
910,695,256
911,716,247
912,960,646
913,636,955
914,999,332
915,376,674
916,635,926
917,15,894
918,318,300
919,722,494
920,914,471
921,986,489
922,603,141
923,540,593
924,671,151
925,544,492
926,787,77
927,831,428
928,252,321
929,863,29
930,845,361
931,593,309
932,758,646
933,852,256
934,256,496
935,276,794
936,537,860
937,660,385
938,186,423
939,972,870
940,923,168
941,185,838
942,336,572
943,229,75
944,422,421
945,137,576
946,691,648
947,887,948
948,486,56
949,515,904
950,431,795
951,454,188
952,554,701
953,619,190
954,602,815
955,520,168
956,6,268
957,584,140
958,595,139
959,746,80
960,643,738
961,415,810
962,339,239
963,153,933
964,844,408
965,193,171
966,914,745
967,346,678
968,209,573
969,707,251
970,987,130
971,71,706
972,291,905
973,924,959
974,539,266
975,892,519
976,944,188
977,485,981
978,308,524
979,29,678
980,333,801
981,201,980
982,577,449
983,901,702
984,88,866
985,743,20
986,130,355
987,163,43
988,604,734
989,285,22
990,945,679
991,234,967
992,593,703
993,659,720
994,782,846
995,831,56
996,76,148
997,753,543
998,113,494
999,930,76
1000,488,618
1001,122,259
1002,604,173
1003,433,723
1004,803,770
1005,441,412
1006,349,773
1007,783,770
1008,386,457
1009,737,753
1010,285,738
1011,444,807
1012,38,682
1013,748,561
1014,582,254
1015,68,500
1016,41,33
1017,58,834
1018,53,148
1019,728,590
1020,132,99
1021,419,159
1022,194,89
1023,935,676
1024,100,422
1025,58,462
1026,700,874
1027,676,941
1028,601,322
1029,998,825
1030,669,962
1031,206,509
1032,517,931
1033,885,237
1034,581,325
1035,71,634
1036,235,819
1037,826,410
1038,160,826
1039,64,886
1040,291,906
1041,739,815
1042,610,269
1043,655,249
1044,814,714
1045,260,366
1046,95,569
1047,343,862
1048,192,816
1049,364,242
1050,114,525
1051,142,210
1052,537,410
1053,822,608
1054,719,553
1055,348,126
1056,842,283
1057,733,969
1058,638,149
1059,379,149
1060,169,314
1061,799,644
1062,142,345
1063,704,247
1064,768,958
1065,864,705
1066,196,66
1067,980,766
1068,537,155
1069,635,498
1070,533,410
1071,945,226
1072,937,155
1073,533,140
1074,5,115
1075,86,688
1076,431,447
1077,640,683
1078,506,499
1079,494,157
1080,53,124
1081,446,876
1082,245,871
1083,556,957
1084,80,445
1085,584,862
1086,217,738
1087,101,669
1088,981,190
1089,383,687
1090,323,433
1091,325,973
1092,727,408
1093,511,818
1094,137,403
1095,691,908
1096,760,254
1097,821,815
1098,27,103
1099,36,652
1100,328,910
1101,736,681
1102,414,394
1103,357,704
1104,459,771
1105,898,585
1106,438,838
1107,292,42
1108,666,810
1109,37,828
1110,503,843
1111,450,409
1112,791,160
1113,817,53
1114,915,849
1115,123,323
1116,412,926
1117,9,7
1118,436,918
1119,133,320
1120,5,361
1121,638,797
1122,218,730
1123,280,960
1124,35,492
1125,49,294
1126,895,551
1127,907,439
1128,551,842
1129,645,389
1130,866,349
1131,829,621
1132,14,696
1133,791,229
1134,260,94
1135,733,913
1136,687,946
1137,538,893
1138,153,587
1139,740,677
1140,953,241
1141,892,337
1142,91,228
1143,347,555
1144,515,629
1145,622,323
1146,528,521
1147,959,738
1148,109,963
1149,243,933
1150,419,929
1151,429,216
1152,539,925
1153,868,109
1154,38,624
1155,734,447
1156,834,631
1157,845,26
1158,559,563
1159,164,650
1160,493,611
1161,174,610
1162,496,158
1163,550,339
1164,324,268
1165,762,341
1166,205,688
1167,493,720
1168,668,886
1169,180,96
1170,981,596
1171,252,816
1172,710,382
1173,945,157
1174,771,697
1175,260,867
1176,459,49
1177,358,123
1178,910,144
1179,466,88
1180,285,840
1181,711,369
1182,929,184
1183,303,724
1184,566,917
1185,364,96
1186,588,878
1187,379,674
1188,46,9
1189,763,579
1190,564,266
1191,210,276
1192,939,692
1193,188,869
1194,103,329
1195,914,362
1196,407,835
1197,131,455
1198,421,435
1199,178,10
1200,306,364
1201,174,309
1202,709,832
1203,809,616
1204,104,121
1205,841,379
1206,736,233
1207,495,589
1208,528,817
1209,611,249
1210,70,553
1211,690,498
1212,733,779
1213,978,6
1214,425,516
1215,866,152
1216,31,855
1217,695,74
1218,181,211
1219,148,66
1220,707,92
1221,864,868
1222,310,70
1223,451,963
1224,711,172
1225,687,607
1226,686,52
1227,822,376
1228,188,939
1229,944,298
1230,431,195
1231,406,394
1232,566,385
1233,799,56
1234,996,238
1235,700,279
1236,126,711
1237,796,566
1238,959,456
1239,685,330
1240,771,502
1241,645,910
1242,746,418
1243,839,151
1244,639,393
1245,893,376
1246,575,106
1247,582,37
1248,816,933
1249,143,374
1250,102,354
1251,186,695
1252,261,309
1253,61,765
1254,383,570
1255,378,135
1256,613,654
1257,7,631
1258,743,745
1259,210,502
1260,441,704
1261,760,546
1262,647,91
1263,787,143
1264,904,419
1265,436,229
1266,986,291
1267,76,646
1268,701,593
1269,439,850
1270,921,35
1271,367,788
1272,845,523
1273,365,178
1274,82,164
1275,356,713
1276,825,582
1277,268,192
1278,605,815
1279,364,492
1280,285,234
1281,108,584
1282,139,653
1283,849,939
1284,878,759
1285,203,251
1286,970,614
1287,937,981
1288,768,162
1289,340,768
1290,946,99
1291,138,704
1292,30,173
1293,40,314
1294,402,734
1295,833,134
1296,141,842
1297,864,63
1298,646,203
1299,292,308
1300,958,917
1301,482,778
1302,53,709
1303,868,403
1304,455,694
1305,290,94
1306,428,630
1307,995,895
1308,83,209
1309,356,475
1310,247,753
1311,841,275
1312,152,517
1313,931,305
1314,633,422
1315,935,977
1316,101,465
1317,120,831
1318,14,347
1319,304,840
1320,745,466
1321,867,65
1322,762,187
1323,476,953
1324,705,314
1325,73,136
1326,613,737
1327,992,907
1328,436,474
1329,799,589
1330,367,413
1331,562,350
1332,526,768
1333,474,819
1334,229,707
1335,629,243
1336,163,242
1337,633,937
1338,880,339
1339,516,866
1340,566,137
1341,350,455
1342,562,331
1343,766,57
1344,747,793
1345,969,571
1346,606,619
1347,873,487
1348,909,922
1349,894,509
1350,576,34
1351,542,139
1352,926,411
1353,505,628
1354,583,886
1355,727,265
1356,593,102
1357,387,897
1358,48,496
1359,945,24
1360,633,400
1361,853,312
1362,711,725
1363,250,397
1364,353,157
1365,696,850
1366,188,560
1367,607,79
1368,596,896
1369,780,607
1370,644,698
1371,538,573
1372,309,857
1373,936,230
1374,598,227
1375,664,628
1376,928,128
1377,56,607
1378,575,19
1379,230,722
1380,296,384
1381,827,382
1382,269,978
1383,779,283
1384,46,831
1385,246,533
1386,992,752
1387,148,877
1388,207,70
1389,118,672
1390,989,709
1391,622,158
1392,343,635
1393,798,385
1394,957,751
1395,728,422
1396,177,779
1397,535,213
1398,678,216
1399,663,752
1400,884,747
1401,68,459
1402,610,54
1403,918,317
1404,900,681
1405,483,461
1406,638,243
1407,208,363
1408,855,750
1409,862,103
1410,497,253
1411,544,282
1412,74,176
1413,843,773
1414,918,95
1415,576,455
1416,864,448
1417,935,731
1418,965,728
1419,127,537
1420,109,803
1421,391,581
1422,414,488
1423,455,925
1424,195,974
1425,227,200
1426,170,344
1427,447,87
1428,868,925
1429,303,443
1430,652,257
1431,783,269
1432,210,163
1433,193,837
1434,690,886
1435,313,581
1436,495,934
1437,759,152
1438,526,579
1439,199,616
1440,756,51
1441,296,709
1442,162,720
1443,280,523
1444,58,904
1445,309,948
1446,635,860
1447,775,395
1448,769,68
1449,553,656
1450,766,294
1451,860,21
1452,786,760
1453,788,646
1454,682,144
1455,424,696
1456,451,712
1457,662,184
1458,391,779
1459,621,639
1460,797,641
1461,646,948
1462,242,886
1463,984,819
1464,510,533
1465,503,576
1466,80,194
1467,476,273
1468,807,260
1469,160,128
1470,962,171
1471,640,76
1472,502,237
1473,734,603
1474,421,394
1475,157,16
1476,823,950
1477,209,554
1478,371,826
1479,209,464
1480,813,96
1481,198,122
1482,423,736
1483,309,891
1484,233,316
1485,700,607
1486,237,190
1487,235,119
1488,125,210
1489,590,733
1490,772,964
1491,411,756
1492,865,268
1493,265,318
1494,335,770
1495,638,898
1496,614,728
1497,134,116
1498,322,124
1499,800,125
1500,348,612
1501,928,182
1502,330,429
1503,102,789
1504,363,408
1505,197,427
1506,161,417
1507,206,222
1508,349,181
1509,118,17
1510,347,455
1511,66,633
1512,35,640
1513,663,456
1514,643,825
1515,673,658
1516,4,119
1517,647,942
1518,222,45
1519,356,633
1520,997,609
1521,370,460
1522,631,111
1523,64,784
1524,261,395
1525,797,54
1526,1000,477
1527,154,756
1528,108,244
1529,531,617
1530,454,273
1531,785,4
1532,645,202
1533,399,290
1534,265,153
1535,66,859
1536,885,894
1537,172,336
1538,423,807
1539,882,676
1540,51,831
1541,446,605
1542,603,727
1543,464,958
1544,389,855
1545,529,180
1546,775,657
1547,209,932
1548,596,731
1549,961,246
1550,581,44
1551,76,870
1552,584,492
1553,659,881
1554,47,97
1555,874,373
1556,560,962
1557,969,491
1558,178,601
1559,334,131
1560,50,639
1561,5,11
1562,170,41
1563,590,681
1564,822,837
1565,44,658
1566,758,629
1567,162,166
1568,531,104
1569,901,910
1570,95,478
1571,886,768
1572,4,857
1573,920,789
1574,901,383
1575,135,911
1576,189,616
1577,823,537
1578,974,621
1579,988,338
1580,552,789
1581,771,548
1582,421,789
1583,920,724
1584,232,186
1585,839,770
1586,904,943
1587,92,352
1588,937,723
1589,836,894
1590,761,619
1591,23,266
1592,975,441
1593,158,951
1594,128,696
1595,695,179
1596,687,202
1597,480,533
1598,73,268
1599,158,291
1600,901,748
1601,193,330
1602,610,119
1603,139,161
1604,351,605
1605,849,431
1606,283,475
1607,575,486
1608,603,641
1609,992,551
1610,249,669
1611,492,514
1612,342,49
1613,768,725
1614,821,435
1615,718,265
1616,821,180
1617,996,271
1618,923,160
1619,185,106
1620,756,207
1621,460,713
1622,67,83
1623,691,537
1624,311,33
1625,278,782
1626,97,644
1627,182,238
1628,394,810
1629,30,15
1630,873,553
1631,209,373
1632,848,753
1633,165,223
1634,700,340
1635,271,261
1636,825,750
1637,613,207
1638,725,289
1639,478,138
1640,251,314
1641,294,746
1642,510,388
1643,805,961
1644,979,646
1645,533,360
1646,982,522
1647,228,171
1648,582,350
1649,673,856
1650,606,482
1651,468,587
1652,486,357
1653,155,370
1654,740,523
1655,234,65
1656,939,88
1657,68,727
1658,892,461
1659,338,880
1660,429,38
1661,146,837
1662,280,941
1663,719,600
1664,200,887
1665,143,846
1666,379,688
1667,374,798
1668,711,776
1669,748,361
1670,710,919
1671,866,784
1672,368,700
1673,205,103
1674,682,392
1675,82,513
1676,619,95
1677,35,360
1678,634,531
1679,611,689
1680,915,961
1681,232,76
1682,416,362
1683,535,832
1684,754,535
1685,762,619
1686,658,966
1687,68,186
1688,692,88
1689,248,294
1690,577,522
1691,366,607
1692,372,868
1693,22,480
1694,182,834
1695,302,607
1696,285,211
1697,970,373
1698,743,927
1699,315,30
1700,165,654
1701,747,4
1702,38,252
1703,967,535
1704,371,325
1705,855,72
1706,540,874
1707,729,524
1708,625,921
1709,937,357
1710,182,431
1711,955,265
1712,708,658
1713,809,156
1714,299,524
1715,936,521
1716,441,453
1717,86,880
1718,166,392
1719,932,899
1720,177,617
1721,149,241
1722,791,863
1723,140,633
1724,248,508
1725,182,540
1726,432,612
1727,671,636
1728,11,24
1729,383,691
1730,166,244
1731,359,843
1732,810,591
1733,622,684
1734,462,907
1735,214,527
1736,241,188
1737,562,276
1738,763,460
1739,811,779
1740,328,200
1741,117,537
1742,742,787
1743,698,637
1744,215,901
1745,255,960
1746,29,922
1747,198,102
1748,432,618
1749,783,612
1750,911,466
1751,422,963
1752,150,941
1753,243,861
1754,962,58
1755,193,953
1756,998,423
1757,872,603
1758,150,462
1759,909,268
1760,767,87
1761,963,686
1762,603,587
1763,245,970
1764,173,213
1765,206,501
1766,674,44
1767,920,381
1768,246,402
1769,64,978
1770,880,454
1771,527,309
1772,498,493
1773,387,53
1774,651,202
1775,358,959
1776,441,163
1777,202,914
1778,748,754
1779,614,299
1780,188,646
1781,639,664
1782,439,843
1783,230,892
1784,380,703
1785,246,663
1786,640,922
1787,450,622
1788,350,20
1789,228,155
1790,49,326
1791,992,119
1792,568,498
1793,920,881
1794,521,72
1795,104,223
1796,689,7
1797,128,466
1798,812,331
1799,359,893
1800,784,128
1801,519,16
1802,556,685
1803,61,189
1804,426,416
1805,672,582
1806,132,514
1807,764,754
1808,324,696
1809,179,556
1810,865,750
1811,597,216
1812,698,376
1813,767,858
1814,234,622
1815,266,554
1816,705,921
1817,708,453
1818,348,153
1819,810,785
1820,31,493
1821,515,416
1822,473,196
1823,955,56
1824,196,853
1825,449,370
1826,752,342
1827,306,886
1828,433,871
1829,596,217
1830,485,332
1831,173,138
1832,824,954
1833,233,49
1834,202,608
1835,478,783
1836,768,225
1837,553,111
1838,156,801
1839,438,356
1840,318,166
1841,586,6
1842,832,441
1843,187,201
1844,367,606
1845,313,387
1846,971,412
1847,268,820
1848,283,432
1849,134,409
1850,153,462
1851,829,301
1852,28,973
1853,498,385
1854,6,82
1855,139,340
1856,1,387
1857,238,155
1858,699,90
1859,443,400
1860,92,464
1861,920,713
1862,100,269
1863,824,819
1864,466,640
1865,611,429
1866,266,850
1867,969,153
1868,253,957
1869,961,942
1870,927,741
1871,515,387
1872,853,366
1873,576,185
1874,705,882
1875,22,554
1876,907,247
1877,326,476
1878,156,315
1879,353,790
1880,794,233
1881,859,319
1882,39,370
1883,742,782
1884,55,115
1885,4,477
1886,604,670
1887,578,897
1888,949,274
1889,183,836
1890,663,177
1891,588,235
1892,339,229
1893,874,525
1894,191,371
1895,313,53
1896,136,868
1897,530,745
1898,682,906
1899,134,780
1900,644,397
1901,447,945
1902,671,256
1903,954,733
1904,125,867
1905,883,799
1906,718,253
1907,784,361
1908,409,429
1909,705,629
1910,322,277
1911,344,491
1912,468,231
1913,2,199
1914,471,55
1915,492,848
1916,746,572
1917,804,209
1918,756,306
1919,684,756
1920,243,413
1921,903,378
1922,854,824
1923,349,517
1924,579,971
1925,373,316
1926,8,201
1927,261,191
1928,228,3
1929,200,304
1930,558,721
1931,561,543
1932,141,287
1933,899,645
1934,276,320
1935,488,961
1936,942,928
1937,428,497
1938,621,957
1939,788,458
1940,273,46
1941,595,370
1942,646,887
1943,154,5
1944,513,526
1945,362,562
1946,903,710
1947,939,439
1948,838,652
1949,657,69
1950,887,314
1951,915,689
1952,902,753
1953,367,537
1954,692,95
1955,922,134
1956,5,141
1957,56,440
1958,810,788
1959,827,592
1960,830,691
1961,871,440
1962,272,580
1963,873,427
1964,967,182
1965,829,535
1966,169,667
1967,418,949
1968,788,227
1969,852,977
1970,417,263
1971,488,268
1972,163,367
1973,920,16
1974,90,4
1975,305,153
1976,676,573
1977,798,749
1978,15,23
1979,896,158
1980,414,674
1981,957,442
1982,592,853
1983,588,229
1984,108,258
1985,891,88
1986,299,656
1987,403,775
1988,325,855
1989,500,432
1990,778,576
1991,397,236
1992,824,603
1993,208,783
1994,149,797
1995,867,173
1996,415,172
1997,392,18
1998,873,183
1999,391,967
2000,917,847
2001,914,593
2002,216,709
2003,572,887
2004,887,188
2005,152,805
2006,177,594
2007,509,854
2008,314,261
2009,800,764
2010,357,410
2011,46,495
2012,666,313
2013,435,836
2014,87,899
2015,446,325
2016,738,829
2017,65,17
2018,148,733
2019,874,703
2020,337,497
2021,466,828
2022,126,601
2023,388,800
2024,674,933
2025,704,254
2026,872,972
2027,943,961
2028,97,541
2029,461,812
2030,835,306
2031,522,603
2032,31,275
2033,55,313
2034,951,100
2035,399,122
2036,650,178
2037,548,342
2038,875,71
2039,401,419
2040,419,780
2041,532,32
2042,476,513
2043,446,314
2044,454,275
2045,407,893
2046,285,716
2047,994,32
2048,504,763
2049,791,854
2050,768,965
2051,760,809
2052,580,612
2053,362,460
2054,246,245
2055,849,535
2056,314,957
2057,844,814
2058,451,342
2059,292,779
2060,801,971
2061,715,183
2062,738,479
2063,237,806
2064,71,385
2065,208,861
2066,196,268
2067,631,601
2068,707,782
2069,446,869
2070,324,659
2071,146,254
2072,22,197
2073,686,350
2074,988,895
2075,730,127
2076,38,303
2077,808,859
2078,849,426
2079,313,458
2080,140,913
2081,702,258
2082,279,471
2083,19,822
2084,609,402
2085,191,329
2086,672,735
2087,948,101
2088,329,222
2089,753,820
2090,317,685
2091,42,664
2092,727,198
2093,881,695
2094,948,432
2095,47,359
2096,181,766
2097,348,744
2098,203,796
2099,588,920
2100,367,721
2101,463,929
2102,240,508
2103,784,268
2104,334,603
2105,763,850
2106,336,486
2107,12,426
2108,419,375
2109,856,505
2110,270,118
2111,14,737
2112,418,14
2113,304,121
2114,547,728
2115,241,550
2116,751,223
2117,398,662
2118,488,134
2119,144,35
2120,507,325
2121,380,102
2122,623,440
2123,304,347
2124,988,931
2125,911,975
2126,491,960
2127,173,6
2128,598,639
2129,130,594
2130,483,854
2131,474,583
2132,876,825
2133,684,784
2134,339,968
2135,461,885
2136,82,162
2137,696,264
2138,83,802
2139,17,259
2140,101,22
2141,683,917
2142,280,133
2143,273,851
2144,257,469
2145,832,730
2146,921,812
2147,133,708
2148,529,653
2149,92,965
2150,867,472
2151,280,465
2152,1,594
2153,916,583
2154,204,765
2155,601,787
2156,324,420
2157,306,888
2158,436,646
2159,886,68
2160,919,11
2161,327,56
2162,872,194
2163,149,170
2164,143,685
2165,291,840
2166,605,762
2167,537,169
2168,400,494
2169,214,573
2170,827,45
2171,95,386
2172,392,564
2173,243,781
2174,487,479
2175,798,715
2176,755,484
2177,921,561
2178,802,654
2179,363,236
2180,625,552
2181,918,434
2182,400,381
2183,213,856
2184,853,349
2185,723,632
2186,891,62
2187,751,759
2188,583,625
2189,842,506
2190,764,889
2191,938,553
2192,214,809
2193,732,891
2194,7,136
2195,303,830
2196,142,894
2197,431,417
2198,500,297
2199,763,776
2200,944,809
2201,122,91
2202,793,502
2203,984,947
2204,299,325
2205,778,953
2206,846,609
2207,991,525
2208,956,147
2209,465,23
2210,585,400
2211,718,70
2212,929,225
2213,779,197
2214,934,778
2215,585,243
2216,808,330
2217,182,491
2218,792,675
2219,319,237
2220,890,453
2221,63,513
2222,719,524
2223,885,308
2224,493,257
2225,603,430
2226,980,967
2227,705,12
2228,909,330
2229,876,111
2230,625,708
2231,3,532
2232,634,885
2233,376,244
2234,846,108
2235,226,331
2236,329,429
2237,479,443
2238,320,585
2239,818,365
2240,109,295
2241,201,540
2242,587,116
2243,640,482
2244,790,169
2245,389,639
2246,110,487
2247,555,6
2248,437,618
2249,412,118
2250,320,153
2251,464,176
2252,164,392
2253,211,375
2254,278,415
2255,249,61
2256,194,602
2257,682,137
2258,282,272
2259,615,315
2260,245,883
2261,766,357
2262,875,687
2263,504,648
2264,839,724
2265,325,869
2266,475,235
2267,252,58
2268,492,604
2269,575,233
2270,38,857
2271,371,262
2272,899,250
2273,403,385
2274,203,379
2275,36,827
2276,426,951
2277,664,514
2278,931,170
2279,346,603
2280,382,706
2281,547,10
2282,384,656
2283,935,838
2284,398,171
2285,28,295
2286,584,51
2287,73,509
2288,180,116
2289,24,587
2290,491,278
2291,41,625
2292,864,428
2293,805,406
2294,534,646
2295,41,820
2296,76,530
2297,197,832
2298,589,190
2299,767,677
2300,392,123
2301,936,643
2302,489,658
2303,516,740
2304,663,262
2305,285,929
2306,243,17
2307,149,921
2308,972,413
2309,841,917
2310,120,301
2311,827,527
2312,914,825
2313,623,109
2314,595,558
2315,71,152
2316,573,508
2317,256,129
2318,928,881
2319,692,784
2320,205,930
2321,3,859
2322,789,591
2323,536,403
2324,720,192
2325,527,153
2326,105,970
2327,652,137
2328,424,480
2329,297,624
2330,856,939
2331,67,548
2332,392,923
2333,170,722
2334,221,810
2335,468,810
2336,94,834
2337,613,639
2338,816,679
2339,111,30
2340,657,549
2341,4,885
2342,127,487
2343,945,716
2344,406,963
2345,192,724
2346,137,407
2347,638,619
2348,408,740
2349,412,750
2350,138,927
2351,989,587
2352,995,158
2353,302,73
2354,524,947
2355,605,36
2356,200,706
2357,149,742
2358,296,242
2359,32,493
2360,469,28
2361,828,433
2362,837,181
2363,256,257
2364,708,843
2365,791,291
2366,748,792
2367,212,212
2368,327,809
2369,522,437
2370,515,825
2371,610,399
2372,2,778
2373,948,385
2374,937,466
2375,932,78
2376,232,449
2377,126,911
2378,198,560
2379,373,166
2380,94,740
2381,290,289
2382,198,118
2383,405,228
2384,745,379
2385,556,127
2386,247,44
2387,20,659
2388,996,440
2389,210,817
2390,184,720
2391,192,261
2392,885,927
2393,910,331
2394,433,131
2395,168,295
2396,156,30
2397,685,187
2398,207,777
2399,72,864
2400,691,200
2401,887,178
2402,504,881
2403,443,363
2404,192,436
2405,246,787
2406,865,258
2407,710,430
2408,896,47
2409,901,766
2410,49,27
2411,510,725
2412,143,733
2413,969,737
2414,467,630
2415,856,920
2416,943,814
2417,754,159
2418,362,504
2419,186,874
2420,518,132
2421,380,649
2422,25,855
2423,341,873
2424,584,94
2425,296,775
2426,787,195
2427,166,881
2428,144,64
2429,821,647
2430,508,363
2431,797,444
2432,370,793
2433,191,69
2434,217,431
2435,214,238
2436,638,410
2437,756,131
2438,812,305
2439,439,355
2440,260,81
2441,701,744
2442,621,874
2443,308,8
2444,397,214
2445,494,135
2446,542,811
2447,803,577
2448,184,300
2449,517,555
2450,693,395
2451,835,4
2452,684,276
2453,773,676
2454,599,166
2455,653,239
2456,503,522
2457,79,29
2458,928,724
2459,596,847
2460,758,4
2461,301,400
2462,40,121
2463,325,653
2464,21,451
2465,413,803
2466,216,447
2467,322,123
2468,396,410
2469,489,913
2470,942,268
2471,714,601
2472,612,149
2473,410,441
2474,85,696
2475,110,777
2476,54,61
2477,811,226
2478,415,767
2479,819,890
2480,455,149
2481,344,550
2482,188,710
2483,551,342
2484,93,132
2485,463,261
2486,586,718
2487,262,493
2488,108,279
2489,819,366
2490,271,406
2491,109,653
2492,801,430
2493,116,448
2494,781,299
2495,140,172
2496,150,888
2497,960,759
2498,117,205
2499,28,845
2500,885,502
2501,354,757
2502,887,227
2503,141,358
2504,520,977
2505,495,416
2506,797,2
2507,963,638
2508,791,474
2509,195,151
2510,829,708
2511,668,756
2512,351,399
2513,622,22
2514,200,859
2515,417,400
2516,228,349
2517,992,655
2518,942,572
2519,352,340
2520,339,495
2521,354,735
2522,591,973
2523,271,128
2524,60,509
2525,150,795
2526,273,764
2527,13,775
2528,476,975
2529,661,15
2530,223,22
2531,749,948
2532,416,192
2533,591,278
2534,948,625
2535,531,667
2536,618,219
2537,32,959
2538,200,361
2539,131,965
2540,20,582
2541,296,281
2542,733,147
2543,358,238
2544,619,253
2545,111,195
2546,852,541
2547,827,596
2548,879,328
2549,149,411
2550,748,180
2551,329,82
2552,287,676
2553,945,268
2554,815,791
2555,494,669
2556,209,882
2557,509,779
2558,486,15
2559,342,843
2560,659,924
2561,180,227
2562,374,195
2563,848,14
2564,173,598
2565,780,861
2566,877,243
2567,717,834
2568,750,401
2569,350,110
2570,953,560
2571,882,481
2572,157,578
2573,708,496
2574,809,779
2575,686,818
2576,791,382
2577,855,586
2578,364,241
2579,33,113
2580,203,467
2581,805,332
2582,892,696
2583,513,795
2584,552,746
2585,165,700
2586,16,126
2587,363,349
2588,725,221
2589,273,504
2590,745,457
2591,961,639
2592,808,560
2593,587,770
2594,815,691
2595,598,269
2596,312,245
2597,178,529
2598,974,224
2599,24,415
2600,993,354
2601,381,293
2602,722,786
2603,314,717
2604,728,833
2605,925,428
2606,860,961
2607,114,719
2608,279,584
2609,423,669
2610,741,538
2611,274,33
2612,109,696
2613,687,136
2614,21,577
2615,908,132
2616,773,308
2617,588,426
2618,247,335
2619,804,775
2620,620,157
2621,996,770
2622,827,966
2623,871,279
2624,104,970
2625,987,655
2626,33,87
2627,657,498
2628,372,852
2629,600,968
2630,253,701
2631,726,283
2632,43,566
2633,480,432
2634,72,204
2635,593,58
2636,704,261
2637,811,831
2638,278,556
2639,147,937
2640,769,299
2641,595,435
2642,983,728
2643,703,416
2644,324,889
2645,265,4
2646,547,893
2647,915,628
2648,912,678
2649,346,452
2650,108,964
2651,941,324
2652,215,874
2653,971,34
2654,562,398
2655,779,459
2656,496,483
2657,754,654
2658,153,163
2659,586,265
2660,825,321
2661,44,768
2662,69,522
2663,294,288
2664,159,945
2665,66,563
2666,53,394
2667,852,421
2668,210,829
2669,865,320
2670,80,934
2671,252,639
2672,347,425
2673,449,257
2674,408,328
2675,634,300
2676,503,716
2677,760,877
2678,670,853
2679,15,167
2680,663,274
2681,229,469
2682,908,652
2683,278,74
2684,193,582
2685,940,413
2686,315,641
2687,111,581
2688,138,596
2689,219,187
2690,106,43
2691,918,605
2692,258,451
2693,730,963
2694,818,230
2695,510,661
2696,370,945
2697,951,125
2698,116,693
2699,799,599
2700,176,446
2701,683,451
2702,621,433
2703,430,711
2704,712,550
2705,407,743
2706,168,886
2707,343,569
2708,861,77
2709,932,163
2710,392,648
2711,962,949
2712,402,274
2713,660,938
2714,847,9
2715,825,780
2716,320,947
2717,715,651
2718,577,280
2719,164,71
2720,387,637
2721,74,807
2722,433,750
2723,620,514
2724,344,346
2725,376,867
2726,780,29
2727,175,332
2728,307,739
2729,28,569
2730,307,900
2731,993,42
2732,794,620
2733,47,748
2734,347,300
2735,240,627
2736,980,427
2737,758,623
2738,28,967
2739,285,152
2740,986,158
2741,438,17
2742,38,247
2743,473,931
2744,12,625
2745,119,416
2746,640,967
2747,448,404
2748,660,192
2749,877,426
2750,797,406
2751,990,981
2752,633,777
2753,696,385
2754,534,178
2755,663,519
2756,786,704
2757,720,354
2758,569,264
2759,12,743
2760,203,764
2761,69,360
2762,294,175
2763,554,381
2764,919,215
2765,259,17
2766,200,683
2767,368,554
2768,741,794
2769,251,609
2770,396,170
2771,297,264
2772,562,245
2773,962,774
2774,215,852
2775,171,110
2776,462,847
2777,65,470
2778,308,14
2779,83,711
2780,3,660
2781,288,353
2782,542,584
2783,845,212
2784,576,8
2785,156,385
2786,594,429
2787,903,845
2788,935,97
2789,394,770
2790,288,305
2791,423,577
2792,483,968
2793,717,379
2794,735,943
2795,309,888
2796,461,840
2797,245,729
2798,582,831
2799,142,446
2800,295,648
2801,924,78
2802,35,852
2803,298,876
2804,590,37
2805,930,108
2806,394,1
2807,871,242
2808,104,886
2809,82,76
2810,421,249
2811,382,200
2812,648,490
2813,113,649
2814,80,763
2815,941,842
2816,413,912
2817,966,725
2818,684,763
2819,473,73
2820,301,656
2821,958,3
2822,372,485
2823,502,426
2824,575,537
2825,602,362
2826,251,489
2827,248,453
2828,602,58
2829,430,842
2830,383,100
2831,859,445
2832,923,295
2833,235,95
2834,888,276
2835,64,598
2836,555,651
2837,579,667
2838,520,924
2839,299,979
2840,87,119
2841,547,460
2842,513,854
2843,279,837
2844,266,783
2845,721,474
2846,791,584
2847,504,884
2848,430,872
2849,84,595
2850,555,506
2851,796,927
2852,824,750
2853,236,273
2854,954,682
2855,935,27
2856,509,314
2857,523,283
2858,654,30
2859,743,797
2860,174,129
2861,377,328
2862,556,275
2863,455,978
2864,50,744
2865,240,687
2866,81,394
2867,548,698
2868,920,555
2869,273,664
2870,301,477
2871,162,165
2872,530,155
2873,456,279
2874,111,443
2875,345,880
2876,303,682
2877,52,481
2878,234,149
2879,516,490
2880,239,351
2881,78,451
2882,109,576
2883,401,103
2884,667,800
2885,37,368
2886,196,838
2887,371,860
2888,44,891
2889,27,245
2890,330,88
2891,759,954
2892,93,483
2893,221,95
2894,963,592
2895,745,585
2896,180,466
2897,276,867
2898,756,835
2899,228,675
2900,351,939
2901,440,767
2902,700,646
2903,985,368
2904,925,845
2905,171,551
2906,190,207
2907,240,485
2908,644,813
2909,418,616
2910,288,717
2911,584,93
2912,69,543
2913,978,39
2914,660,599
2915,212,877
2916,910,931
2917,418,620
2918,445,592
2919,264,968
2920,982,9
2921,542,851
2922,603,916
2923,241,879
2924,703,581
2925,945,662
2926,764,528
2927,803,794
2928,314,263
2929,722,466
2930,92,500
2931,235,94
2932,750,227
2933,226,758
2934,647,963
2935,276,498
2936,985,872
2937,230,643
2938,888,360
2939,417,789
2940,428,766
2941,686,150
2942,753,847
2943,681,493
2944,310,516
2945,373,414
2946,88,801
2947,558,253
2948,964,584
2949,371,607
2950,609,219
2951,668,909
2952,736,37
2953,279,503
2954,650,705
2955,593,45
2956,892,847
2957,406,784
2958,869,727
2959,21,363
2960,218,780
2961,835,446
2962,838,451
2963,896,740
2964,508,351
2965,462,381
2966,763,174
2967,460,331
2968,219,742
2969,130,342
2970,226,265
2971,652,299
2972,997,871
2973,630,599
2974,295,666
2975,558,203
2976,217,303
2977,902,105
2978,815,303
2979,143,531
2980,125,738
2981,701,255
2982,752,593
2983,126,189
2984,123,723
2985,235,849
2986,2,459
2987,29,348
2988,861,847
2989,600,975
2990,502,253
2991,145,599
2992,303,191
2993,164,446
2994,106,503
2995,86,604
2996,838,24
2997,116,894
2998,983,105
2999,782,659
3000,464,365
3001,713,484
3002,766,127
3003,760,249
3004,422,456
3005,398,13
3006,314,760
3007,723,459
3008,418,355
3009,143,796
3010,20,373
3011,767,978
3012,850,646
3013,377,259
3014,876,366
3015,329,309
3016,332,266
3017,619,477
3018,875,298
3019,592,590
3020,579,603
3021,482,376
3022,621,684
3023,242,160
3024,416,732
3025,745,723
3026,715,847
3027,467,771
3028,853,340
3029,97,329
3030,585,39
3031,268,9
3032,887,796
3033,200,763
3034,517,179
3035,949,30
3036,685,523
3037,403,239
3038,824,978
3039,26,864
3040,848,952
3041,256,476
3042,132,42
3043,961,394
3044,360,637
3045,299,768
3046,777,843
3047,723,909
3048,141,78
3049,455,202
3050,870,925
3051,723,551
3052,768,413
3053,835,514
3054,537,863
3055,517,973
3056,505,833
3057,800,246
3058,62,622
3059,459,709
3060,541,507
3061,968,607
3062,893,334
3063,343,972
3064,271,747
3065,335,891
3066,65,349
3067,256,172
3068,172,230
3069,633,919
3070,973,363
3071,582,527
3072,762,808
3073,391,342
3074,616,506
3075,350,32
3076,437,943
3077,67,606
3078,385,529
3079,282,646
3080,231,743
3081,48,515
3082,320,60
3083,758,789
3084,842,212
3085,436,343
3086,21,654
3087,476,858
3088,483,717
3089,343,615
3090,423,800
3091,50,165
3092,810,870
3093,325,665
3094,502,697
3095,225,498
3096,423,504
3097,852,372
3098,481,770
3099,510,675
3100,910,129
3101,820,97
3102,845,601
3103,362,570
3104,181,917
3105,639,403
3106,235,122
3107,928,217
3108,250,5
3109,891,269
3110,956,144
3111,340,215
3112,362,383
3113,215,762
3114,603,91
3115,670,272
3116,684,313
3117,539,519
3118,815,572
3119,486,120
3120,441,920
3121,891,87
3122,155,733
3123,815,249
3124,389,838
3125,256,69
3126,753,223
3127,470,921
3128,498,345
3129,470,52
3130,165,121
3131,748,229
3132,504,103
3133,560,526
3134,785,811
3135,502,145
3136,36,646
3137,891,188
3138,469,729
3139,648,320
3140,894,452
3141,462,30
3142,867,795
3143,442,853
3144,570,252
3145,35,236
3146,783,524
3147,593,783
3148,634,378
3149,158,155
3150,948,33
3151,804,626
3152,615,165
3153,769,345
3154,463,196
3155,137,734
3156,749,56
3157,600,390
3158,287,67
3159,634,958
3160,888,205
3161,222,609
3162,510,3
3163,256,959
3164,843,436
3165,649,337
3166,164,423
3167,884,758
3168,787,932
3169,330,611
3170,559,549
3171,528,905
3172,469,309
3173,660,31
3174,560,704
3175,22,704
3176,140,610
3177,351,294
3178,40,80
3179,266,644
3180,570,104
3181,167,432
3182,357,272
3183,343,640
3184,963,245
3185,795,723
3186,377,771
3187,783,421
3188,209,609
3189,908,442
3190,626,569
3191,1000,198
3192,691,704
3193,863,265
3194,867,154
3195,378,826
3196,493,950
3197,549,146
3198,172,868
3199,449,509
3200,647,814
3201,953,177
3202,511,393
3203,855,652
3204,672,56
3205,711,729
3206,46,195
3207,856,441
3208,690,329
3209,743,364
3210,517,239
3211,318,800
3212,214,735
3213,429,179
3214,18,56
3215,237,805
3216,675,348
3217,210,484
3218,292,510
3219,976,892
3220,165,508
3221,404,728
3222,86,301
3223,404,474
3224,964,232
3225,524,790
3226,59,153
3227,521,576
3228,490,388
3229,113,78
3230,223,88
3231,862,375
3232,641,537
3233,459,852
3234,234,5
3235,454,351
3236,803,511
3237,922,724
3238,157,624
3239,181,872
3240,571,563
3241,345,534
3242,993,370
3243,305,912
3244,245,482
3245,563,630
3246,437,863
3247,899,829
3248,874,97
3249,162,102
3250,428,981
3251,432,148
3252,975,431
3253,191,848
3254,617,393
3255,474,537
3256,196,830
3257,403,75
3258,486,19
3259,309,434
3260,765,554
3261,745,732
3262,690,791
3263,877,89
3264,559,695
3265,64,259
3266,16,415
3267,869,771
3268,68,949
3269,929,873
3270,539,309
3271,923,438
3272,74,729
3273,902,282
3274,139,947
3275,867,899
3276,957,74
3277,173,935
3278,290,519
3279,545,18
3280,909,70
3281,6,596
3282,663,149
3283,138,669
3284,664,352
3285,929,767
3286,453,3
3287,989,894
3288,784,385
3289,306,794
3290,462,302
3291,250,251
3292,997,644
3293,863,362
3294,293,810
3295,578,968
3296,600,712
3297,638,467
3298,169,501
3299,608,777
3300,653,806
3301,135,178
3302,389,262
3303,726,566
3304,389,154
3305,131,239
3306,943,376
3307,69,641
3308,727,81
3309,248,59
3310,845,913
3311,943,925
3312,337,74
3313,76,51
3314,634,190
3315,228,730
3316,690,314
3317,256,94
3318,870,259
3319,37,129
3320,772,168
3321,407,641
3322,20,133
3323,670,470
3324,295,271
3325,964,325
3326,945,596
3327,154,174
3328,994,764
3329,60,603
3330,837,867
3331,514,828
3332,959,150
3333,988,635
3334,208,251
3335,529,271
3336,128,39
3337,111,602
3338,618,107
3339,22,737
3340,484,973
3341,24,672
3342,622,629
3343,812,233
3344,928,519
3345,156,946
3346,540,431
3347,282,362
3348,922,810
3349,158,159
3350,136,966
3351,268,672
3352,260,99
3353,945,915
3354,373,451
3355,304,389
3356,92,687
3357,312,714
3358,714,249
3359,995,175
3360,65,495
3361,752,16
3362,695,760
3363,687,978
3364,737,87
3365,672,895
3366,787,547
3367,365,508
3368,430,207
3369,596,243
3370,986,498
3371,968,215
3372,688,914
3373,540,470
3374,832,891
3375,962,400
3376,227,721
3377,564,955
3378,775,671
3379,823,205
3380,854,105
3381,699,733
3382,310,939
3383,870,688
3384,453,132
3385,314,943
3386,602,424
3387,276,319
3388,204,777
3389,959,818
3390,984,155
3391,272,653
3392,738,635
3393,238,832
3394,264,198
3395,465,968
3396,816,483
3397,363,239
3398,793,841
3399,42,197
3400,616,330
3401,984,81
3402,644,251
3403,638,769
3404,56,865
3405,840,248
3406,568,825
3407,171,627
3408,778,970
3409,207,842
3410,598,835
3411,791,325
3412,248,330
3413,951,786
3414,371,767
3415,433,832
3416,886,835
3417,587,538
3418,195,752
3419,951,19
3420,126,783
3421,61,900
3422,95,764
3423,380,380
3424,143,976
3425,747,921
3426,840,760
3427,6,598
3428,121,559
3429,208,361
3430,913,543
3431,406,677
3432,11,918
3433,53,642
3434,746,294
3435,334,8
3436,168,330
3437,724,257
3438,100,153
3439,165,396
3440,895,853
3441,690,392
3442,120,553
3443,473,532
3444,192,522
3445,31,417
3446,431,136
3447,558,180
3448,296,656
3449,222,554
3450,424,500
3451,756,387
3452,33,781
3453,847,184
3454,201,822
3455,810,677
3456,12,371
3457,912,873
3458,360,559
3459,962,915
3460,938,397
3461,581,522
3462,428,666
3463,142,895
3464,522,400
3465,189,536
3466,79,785
3467,845,68
3468,244,892
3469,598,259
3470,810,198
3471,899,521
3472,558,567
3473,816,397
3474,419,249
3475,619,735
3476,33,317
3477,263,88
3478,679,426
3479,266,538
3480,570,506
3481,126,360
3482,328,538
3483,525,842
3484,1000,191
3485,602,140
3486,711,214
3487,759,628
3488,770,707
3489,940,731
3490,830,417
3491,310,32
3492,545,881
3493,978,703
3494,495,183
3495,232,809
3496,923,276
3497,777,162
3498,248,669
3499,339,418
3500,733,426
3501,754,217
3502,458,913
3503,732,108
3504,766,45
3505,742,157
3506,77,928
3507,108,470
3508,833,1
3509,21,184
3510,669,474
3511,872,449
3512,214,817
3513,767,674
3514,672,395
3515,850,636
3516,505,297
3517,587,342
3518,504,578
3519,347,61
3520,485,722
3521,25,878
3522,510,861
3523,621,620
3524,570,946
3525,875,920
3526,299,797
3527,331,168
3528,74,802
3529,526,920
3530,529,661
3531,484,666
3532,28,529
3533,153,945
3534,659,837
3535,707,790
3536,671,854
3537,779,588
3538,402,913
3539,539,145
3540,796,521
3541,285,741
3542,525,698
3543,939,818
3544,31,627
3545,644,589
3546,113,269
3547,34,888
3548,284,905
3549,227,292
3550,87,308
3551,2,271
3552,947,942
3553,363,889
3554,102,799
3555,23,138
3556,313,620
3557,948,846
3558,623,69
3559,22,876
3560,971,462
3561,537,765
3562,667,82
3563,907,268
3564,279,868
3565,321,84
3566,692,155
3567,435,427
3568,238,803
3569,274,440
3570,66,281
3571,364,191
3572,717,911
3573,103,415
3574,280,762
3575,422,793
3576,366,768
3577,686,253
3578,936,59
3579,342,381
3580,294,932
3581,582,65
3582,74,23
3583,548,58
3584,339,40
3585,503,82
3586,192,2
3587,383,42
3588,456,28
3589,589,743
3590,729,551
3591,618,474
3592,273,515
3593,709,500
3594,499,813
3595,536,757
3596,178,711
3597,928,184
3598,362,915
3599,376,831
3600,109,18
3601,832,618
3602,409,785
3603,869,972
3604,976,38
3605,377,805
3606,774,74
3607,291,849
3608,553,29
3609,490,532
3610,149,239
3611,215,564
3612,547,21
3613,145,47
3614,506,345
3615,25,943
3616,244,74
3617,454,460
3618,544,73
3619,962,365
3620,396,320
3621,90,976
3622,993,143
3623,23,411
3624,960,207
3625,261,401
3626,535,353
3627,385,856
3628,542,94
3629,710,306
3630,305,538
3631,189,12
3632,676,63
3633,679,456
3634,551,253
3635,884,872
3636,741,805
3637,736,109
3638,139,377
3639,455,708
3640,406,560
3641,59,7
3642,743,689
3643,979,330
3644,608,844
3645,796,588
3646,633,202
3647,687,687
3648,640,27
3649,797,432
3650,897,225
3651,265,630
3652,880,469
3653,380,216
3654,36,823
3655,135,950
3656,933,635
3657,17,763
3658,661,38
3659,929,91
3660,665,650
3661,879,767
3662,325,338
3663,41,287
3664,130,303
3665,822,263
3666,289,856
3667,770,829
3668,635,680
3669,451,56
3670,774,675
3671,75,265
3672,542,161
3673,3,705
3674,854,734
3675,612,208
3676,188,196
3677,591,800
3678,591,873
3679,22,48
3680,901,441
3681,541,457
3682,2,139
3683,738,228
3684,393,831
3685,91,329
3686,285,865
3687,444,972
3688,338,320
3689,110,598
3690,190,515
3691,209,751
3692,559,418
3693,12,184
3694,854,167
3695,165,976
3696,54,894
3697,739,708
3698,802,921
3699,90,40
3700,967,914
3701,36,452
3702,97,69
3703,259,656
3704,65,546
3705,746,106
3706,52,919
3707,797,380
3708,317,770
3709,451,155
3710,479,275
3711,617,219
3712,346,231
3713,55,417
3714,380,40
3715,310,271
3716,957,740
3717,659,205
3718,798,338
3719,182,9
3720,777,799
3721,448,221
3722,136,497
3723,668,121
3724,756,370
3725,57,788
3726,164,624
3727,8,817
3728,763,269
3729,182,104
3730,199,121
3731,352,732
3732,385,258
3733,922,657
3734,994,361
3735,275,569
3736,889,762
3737,176,702
3738,428,46
3739,477,121
3740,188,810
3741,623,600
3742,816,149
3743,115,955
3744,535,234
3745,157,128
3746,51,448
3747,803,95
3748,508,728
3749,893,829
3750,466,356
3751,879,420
3752,38,145
3753,66,867
3754,51,305
3755,690,404
3756,721,324
3757,364,79
3758,38,603
3759,931,387
3760,112,310
3761,632,112
3762,570,164
3763,889,136
3764,333,457
3765,924,227
3766,393,106
3767,959,782
3768,109,471
3769,631,855
3770,840,948
3771,412,81
3772,430,856
3773,885,798
3774,84,240
3775,294,396
3776,741,259
3777,827,467
3778,683,133
3779,77,63
3780,120,341
3781,351,43
3782,190,805
3783,884,277
3784,597,86
3785,890,418
3786,201,861
3787,927,824
3788,767,920
3789,962,396
3790,586,414
3791,433,103
3792,752,966
3793,253,289
3794,894,510
3795,613,740
3796,434,431
3797,714,19
3798,874,233
3799,648,159
3800,811,675
3801,477,653
3802,195,179
3803,288,433
3804,996,740
3805,130,79
3806,54,241
3807,863,422
3808,432,94
3809,26,836
3810,863,513
3811,844,769
3812,87,341
3813,70,743
3814,597,802
3815,348,669
3816,101,808
3817,24,756
3818,425,343
3819,718,781
3820,361,942
3821,30,219
3822,257,671
3823,87,86
3824,335,375
3825,580,642
3826,668,102
3827,856,768
3828,53,922
3829,909,314
3830,88,727
3831,844,581
3832,669,9
3833,707,332
3834,686,920
3835,957,778
3836,307,117
3837,244,161
3838,795,739
3839,568,298
3840,920,199
3841,772,511
3842,377,905
3843,739,873
3844,726,783
3845,258,961
3846,130,226
3847,142,840
3848,19,970
3849,9,644
3850,245,70
3851,835,206
3852,793,848
3853,913,868
3854,552,454
3855,708,31
3856,194,629
3857,818,684
3858,202,290
3859,183,552
3860,485,529
3861,50,628
3862,542,645
3863,78,106
3864,380,282
3865,835,764
3866,30,195
3867,221,164
3868,930,944
3869,280,915
3870,501,616
3871,72,790
3872,747,319
3873,216,851
3874,482,977
3875,835,409
3876,10,68
3877,694,852
3878,233,563
3879,119,425
3880,467,438
3881,452,958
3882,439,452
3883,795,26
3884,486,341
3885,446,311
3886,403,43
3887,417,601
3888,580,171
3889,103,454
3890,955,407
3891,415,727
3892,252,184
3893,543,81
3894,270,229
3895,441,739
3896,679,529
3897,673,957
3898,829,910
3899,1000,683
3900,922,796
3901,845,640
3902,553,65
3903,158,802
3904,275,434
3905,73,978
3906,379,209
3907,439,304
3908,383,114
3909,662,584
3910,843,924
3911,686,123
3912,968,54
3913,465,528
3914,666,498
3915,819,217
3916,238,965
3917,191,803
3918,132,485
3919,785,577
3920,889,130
3921,598,292
3922,203,436
3923,950,279
3924,41,753
3925,647,778
3926,508,726
3927,92,571
3928,440,10
3929,890,224
3930,837,358
3931,851,142
3932,114,691
3933,911,873
3934,805,436
3935,976,295
3936,813,742
3937,9,958
3938,1000,6
3939,952,104
3940,210,979
3941,207,780
3942,151,356
3943,523,346
3944,393,555
3945,240,629
3946,248,301
3947,684,755
3948,527,619
3949,725,40
3950,224,3
3951,183,4
3952,83,647
3953,366,840
3954,530,178
3955,500,450
3956,112,922
3957,279,178
3958,805,354
3959,699,719
3960,362,588
3961,692,559
3962,694,98
3963,922,115
3964,472,17
3965,45,423
3966,387,374
3967,561,382
3968,566,393
3969,296,175
3970,565,738
3971,51,275
3972,92,318
3973,704,665
3974,481,335
3975,863,110
3976,675,144
3977,384,374
3978,117,815
3979,172,866
3980,879,495
3981,423,563
3982,458,392
3983,396,817
3984,222,499
3985,221,344
3986,943,295
3987,373,290
3988,951,590
3989,544,564
3990,231,86
3991,880,610
3992,718,50
3993,450,847
3994,45,654
3995,895,376
3996,938,54
3997,919,861
3998,353,184
3999,666,842
4000,113,870
4001,891,866
4002,706,547
4003,471,209
4004,612,62
4005,583,214
4006,850,893
4007,937,246
4008,683,934
4009,116,501
4010,663,78
4011,877,666
4012,761,797
4013,833,420
4014,877,179
4015,39,476
4016,252,411
4017,436,670
4018,980,586
4019,584,773
4020,574,291
4021,603,168
4022,635,929
4023,268,256
4024,962,390
4025,855,308
4026,320,970
4027,377,227
4028,375,141
4029,831,153
4030,401,566
4031,17,672
4032,266,969
4033,533,715
4034,897,872
4035,607,476
4036,246,741
4037,808,233
4038,430,878
4039,505,199
4040,900,473
4041,701,32
4042,723,642
4043,819,963
4044,521,242
4045,805,203
4046,187,534
4047,118,580
4048,303,153
4049,214,495
4050,986,287
4051,148,148
4052,307,540
4053,291,908
4054,308,726
4055,204,499
4056,530,830
4057,39,121
4058,608,479
4059,58,767
4060,958,371
4061,38,887
4062,409,299
4063,278,645
4064,460,729
4065,38,298
4066,621,174
4067,110,648
4068,463,638
4069,458,271
4070,823,783
4071,717,808
4072,23,472
4073,305,433
4074,889,486
4075,189,505
4076,557,894
4077,654,948
4078,640,383
4079,6,851
4080,655,537
4081,977,910
4082,797,160
4083,75,292
4084,269,605
4085,923,713
4086,631,623
4087,1000,976
4088,665,85
4089,250,375
4090,720,835
4091,524,5
4092,173,666
4093,558,144
4094,220,752
4095,751,581
4096,137,111
4097,250,644
4098,250,119
4099,538,794
4100,755,309
4101,495,242
4102,479,419
4103,203,21
4104,289,364
4105,684,69
4106,534,181
4107,101,292
4108,927,726
4109,517,59
4110,563,43
4111,593,331
4112,201,190
4113,348,877
4114,680,733
4115,91,916
4116,198,405
4117,984,390
4118,196,440
4119,489,496
4120,517,166
4121,62,688
4122,404,445
4123,41,786
4124,281,935
4125,444,220
4126,189,581
4127,7,133
4128,514,789
4129,391,847
4130,43,471
4131,287,766
4132,640,874
4133,111,848
4134,682,700
4135,330,663
4136,722,71
4137,446,506
4138,258,265
4139,638,890
4140,245,12
4141,237,120
4142,340,238
4143,971,741
4144,825,944
4145,868,511
4146,33,601
4147,226,850
4148,1000,431
4149,139,894
4150,823,497
4151,471,791
4152,85,648
4153,635,869
4154,745,542
4155,261,558
4156,298,501
4157,814,726
4158,510,188
4159,355,48
4160,964,767
4161,258,728
4162,467,554
4163,60,272
4164,813,434
4165,875,861
4166,34,964
4167,449,97
4168,245,437
4169,308,28
4170,560,5
4171,62,267
4172,526,950
4173,674,486
4174,501,168
4175,626,301
4176,704,115
4177,144,777
4178,50,245
4179,821,232
4180,826,500
4181,690,606
4182,897,455
4183,175,435
4184,423,351
4185,665,692
4186,168,328
4187,937,311
4188,724,463
4189,915,388
4190,831,475
4191,127,176
4192,268,237
4193,878,652
4194,697,960
4195,379,520
4196,205,289
4197,48,201
4198,450,350
4199,770,196
4200,348,439
4201,574,526
4202,438,482
4203,708,903
4204,141,394
4205,420,500
4206,246,270
4207,511,698
4208,166,648
4209,436,728
4210,415,617
4211,266,20
4212,412,530
4213,694,915
4214,777,274
4215,328,979
4216,130,913
4217,486,23
4218,173,99
4219,611,164
4220,524,377
4221,977,519
4222,43,938
4223,346,355
4224,200,367
4225,734,36
4226,28,918
4227,813,533
4228,716,780
4229,961,54
4230,919,303
4231,3,958
4232,236,388
4233,609,140
4234,912,540
4235,727,125
4236,543,847
4237,862,260
4238,831,243
4239,13,746
4240,493,461
4241,689,449
4242,635,539
4243,847,898
4244,919,808
4245,744,310
4246,290,285
4247,643,371
4248,769,456
4249,103,700
4250,1000,646
4251,536,60
4252,91,388
4253,664,518
4254,19,69
4255,910,111
4256,173,705
4257,459,318
4258,492,644
4259,302,815
4260,101,311
4261,66,586
4262,528,618
4263,891,366
4264,957,238
4265,330,272
4266,252,98
4267,797,846
4268,561,590
4269,580,317
4270,992,180
4271,773,553
4272,469,894
4273,879,731
4274,568,979
4275,856,936
4276,808,819
4277,779,691
4278,864,538
4279,313,167
4280,372,332
4281,146,718
4282,214,312
4283,934,473
4284,964,521
4285,862,285
4286,187,753
4287,593,771
4288,886,2
4289,867,246
4290,426,958
4291,604,89
4292,267,908
4293,244,357
4294,397,129
4295,854,414
4296,100,581
4297,907,263
4298,701,460
4299,378,218
4300,941,166
4301,26,410
4302,119,401
4303,748,144
4304,298,327
4305,33,751
4306,458,425
4307,669,304
4308,568,167
4309,242,5
4310,263,234
4311,456,205
4312,273,31
4313,954,747
4314,241,271
4315,350,937
4316,120,846
4317,638,28
4318,9,513
4319,280,522
4320,867,767
4321,480,255
4322,385,302
4323,673,198
4324,284,17
4325,562,705
4326,662,600
4327,540,6
4328,209,805
4329,215,325
4330,35,500
4331,531,977
4332,351,711
4333,578,917
4334,648,514
4335,469,939
4336,33,586
4337,329,603
4338,914,481
4339,437,705
4340,731,465
4341,790,793
4342,254,801
4343,146,503
4344,674,809
4345,200,205
4346,597,249
4347,105,479
4348,283,880
4349,154,235
4350,820,586
4351,812,874
4352,568,99
4353,807,831
4354,440,454
4355,203,426
4356,570,864
4357,670,594
4358,153,675
4359,670,840
4360,55,258
4361,431,157
4362,380,163
4363,547,393
4364,533,613
4365,143,900
4366,82,532
4367,817,899
4368,462,812
4369,986,164
4370,589,128
4371,77,72
4372,140,613
4373,465,354
4374,495,176
4375,345,12
4376,484,8
4377,371,373
4378,393,692
4379,108,593
4380,311,203
4381,892,105
4382,255,703
4383,127,154
4384,828,502
4385,500,29
4386,885,753
4387,398,178
4388,944,657
4389,820,950
4390,41,755
4391,748,530
4392,77,757
4393,140,769
4394,332,487
4395,432,326
4396,122,175
4397,984,637
4398,827,19
4399,47,169
4400,547,513
4401,297,107
4402,114,824
4403,863,804
4404,52,659
4405,35,666
4406,91,135
4407,608,629
4408,799,85
4409,217,251
4410,449,818
4411,883,371
4412,427,200
4413,823,302
4414,30,462
4415,697,468
4416,990,322
4417,667,50
4418,396,376
4419,164,492
4420,434,206
4421,395,953
4422,127,157
4423,891,416
4424,783,648
4425,999,513
4426,727,638
4427,300,214
4428,473,970
4429,849,473
4430,589,30
4431,792,434
4432,327,306
4433,957,834
4434,685,578
4435,738,392
4436,241,429
4437,829,671
4438,721,583
4439,482,359
4440,389,399
4441,231,13
4442,604,590
4443,176,99
4444,750,836
4445,92,290
4446,371,208
4447,567,794
4448,14,375
4449,589,176
4450,446,878
4451,476,643
4452,160,310
4453,573,64
4454,273,697
4455,187,145
4456,581,728
4457,846,745
4458,616,349
4459,912,933
4460,452,620
4461,124,588
4462,755,641
4463,939,398
4464,443,286
4465,410,867
4466,612,201
4467,803,708
4468,145,619
4469,832,234
4470,853,547
4471,665,304
4472,625,428
4473,994,477
4474,944,371
4475,26,132
4476,222,685
4477,951,470
4478,723,356
4479,524,133
4480,333,386
4481,132,516
4482,554,365
4483,642,836
4484,646,849
4485,965,825
4486,114,179
4487,617,635
4488,910,775
4489,150,838
4490,456,156
4491,298,850
4492,685,408
4493,109,800
4494,390,592
4495,837,453
4496,773,768
4497,383,341
4498,454,327
4499,555,714
4500,710,368
4501,900,503
4502,909,476
4503,917,40
4504,936,478
4505,320,981
4506,366,674
4507,30,714
4508,299,531
4509,589,65
4510,471,621
4511,482,28
4512,951,534
4513,233,27
4514,400,91
4515,884,97
4516,480,795
4517,635,818
4518,62,888
4519,8,527
4520,500,105
4521,319,890
4522,665,832
4523,816,191
4524,151,569
4525,494,450
4526,984,183
4527,382,469
4528,86,434
4529,202,566
4530,528,352
4531,880,244
4532,857,568
4533,595,526
4534,926,967
4535,513,784
4536,245,7
4537,238,810
4538,954,344
4539,840,573
4540,869,51
4541,94,845
4542,969,202
4543,524,238
4544,620,679
4545,316,707
4546,854,40
4547,156,642
4548,846,497
4549,248,745
4550,352,29
4551,532,566
4552,638,248
4553,717,510
4554,794,877
4555,645,558
4556,350,469
4557,102,516
4558,180,569
4559,824,659
4560,322,105
4561,372,409
4562,864,883
4563,389,499
4564,544,218
4565,184,274
4566,825,583
4567,440,396
4568,396,904
4569,581,592
4570,550,361
4571,227,48
4572,796,461
4573,499,445
4574,78,692
4575,32,500
4576,125,890
4577,154,264
4578,874,517
4579,589,349
4580,334,112
4581,683,122
4582,276,861
4583,806,546
4584,989,710
4585,624,902
4586,539,123
4587,257,17
4588,739,882
4589,593,534
4590,378,784
4591,372,813
4592,216,74
4593,806,620
4594,11,400
4595,248,796
4596,783,890
4597,334,954
4598,632,839
4599,32,211
4600,349,173
4601,994,143
4602,964,848
4603,885,604
4604,758,859
4605,298,791
4606,813,259
4607,855,872
4608,836,316
4609,316,2
4610,351,774
4611,30,905
4612,419,18
4613,106,926
4614,291,513
4615,358,515
4616,206,545
4617,111,180
4618,418,608
4619,966,98
4620,877,816
4621,344,355
4622,309,54
4623,126,251
4624,924,490
4625,67,77
4626,641,46
4627,324,82
4628,906,579
4629,98,201
4630,840,403
4631,550,295
4632,625,589
4633,457,321
4634,64,341
4635,279,124
4636,793,233
4637,82,331
4638,158,508
4639,904,589
4640,618,231
4641,861,442
4642,905,924
4643,577,405
4644,421,328
4645,260,689
4646,706,783
4647,111,261
4648,956,460
4649,954,257
4650,230,407
4651,838,375
4652,50,533
4653,99,644
4654,95,761
4655,116,191
4656,907,785
4657,813,445
4658,561,973
4659,845,753
4660,365,294
4661,583,688
4662,444,303
4663,779,686
4664,745,297
4665,685,203
4666,207,956
4667,448,329
4668,491,303
4669,692,183
4670,711,665
4671,201,439
4672,178,82
4673,62,438
4674,41,144
4675,5,669
4676,978,621
4677,976,752
4678,739,568
4679,661,890
4680,728,969
4681,79,276
4682,162,777
4683,828,357
4684,201,306
4685,670,369
4686,787,168
4687,998,536
4688,160,121
4689,567,275
4690,793,317
4691,279,80
4692,771,726
4693,893,943
4694,212,423
4695,495,960
4696,597,121
4697,99,71
4698,252,393
4699,360,295
4700,722,329
4701,422,463
4702,249,18
4703,108,239
4704,208,789
4705,702,607
4706,614,354
4707,790,671
4708,103,948
4709,35,433
4710,306,270
4711,850,69
4712,656,793
4713,607,655
4714,885,92
4715,154,527
4716,95,63
4717,33,160
4718,317,70
4719,847,373
4720,259,492
4721,199,49
4722,947,819
4723,996,745
4724,276,144
4725,4,788
4726,757,174
4727,915,675
4728,616,865
4729,741,505
4730,177,219
4731,365,142
4732,940,981
4733,729,158
4734,830,527
4735,28,952
4736,203,400
4737,214,467
4738,964,616
4739,813,707
4740,729,85
4741,361,619
4742,656,629
4743,315,121
4744,433,801
4745,457,445
4746,658,748
4747,706,738
4748,271,168
4749,777,606
4750,236,731
4751,795,161
4752,258,911
4753,355,711
4754,605,355
4755,965,623
4756,337,201
4757,414,552
4758,904,640
4759,570,283
4760,607,266
4761,123,591
4762,67,934
4763,496,349
4764,860,362
4765,891,910
4766,862,515
4767,764,780
4768,613,664
4769,424,888
4770,710,125
4771,456,408
4772,383,783
4773,838,846
4774,335,742
4775,573,468
4776,750,697
4777,341,561
4778,818,931
4779,395,766
4780,952,415
4781,367,789
4782,499,346
4783,812,591
4784,212,570
4785,393,507
4786,596,206
4787,807,769
4788,186,106
4789,496,744
4790,749,852
4791,461,820
4792,159,437
4793,953,642
4794,231,191
4795,209,912
4796,449,216
4797,350,565
4798,281,35
4799,383,381
4800,46,464
4801,216,649
4802,526,393
4803,85,4
4804,556,919
4805,251,187
4806,533,423
4807,238,523
4808,831,275
4809,529,711
4810,112,457
4811,937,109
4812,739,685
4813,37,563
4814,269,308
4815,887,761
4816,241,813
4817,307,805
4818,115,539
4819,979,182
4820,26,951
4821,498,14
4822,562,35
4823,810,796
4824,493,247
4825,823,505
4826,276,829
4827,644,435
4828,387,10
4829,760,738
4830,978,9
4831,936,388
4832,425,829
4833,37,358
4834,352,138
4835,374,240
4836,457,273
4837,340,805
4838,195,253
4839,554,502
4840,12,121
4841,893,814
4842,409,346
4843,380,551
4844,323,741
4845,835,472
4846,147,526
4847,758,187
4848,359,968
4849,206,104
4850,995,721
4851,291,445
4852,550,810
4853,946,952
4854,110,630
4855,412,645
4856,151,483
4857,777,49
4858,748,85
4859,100,593
4860,111,935
4861,512,763
4862,105,638
4863,724,392
4864,172,617
4865,825,467
4866,972,902
4867,846,532
4868,783,7
4869,1000,770
4870,700,365
4871,256,918
4872,768,949
4873,184,550
4874,276,263
4875,575,889
4876,50,792
4877,797,51
4878,129,16
4879,124,466
4880,468,407
4881,524,168
4882,988,146
4883,400,423
4884,255,504
4885,503,126
4886,992,202
4887,861,914
4888,758,610
4889,721,575
4890,751,246
4891,149,440
4892,184,510
4893,178,943
4894,863,312
4895,948,223
4896,525,831
4897,177,766
4898,488,99
4899,949,210
4900,608,900
4901,935,786
4902,612,140
4903,712,51
4904,362,129
4905,697,69
4906,447,822
4907,422,723
4908,382,194
4909,169,894
4910,518,117
4911,745,3
4912,940,672
4913,759,543
4914,67,329
4915,400,940
4916,545,237
4917,691,450
4918,98,123
4919,585,30
4920,287,720
4921,956,90
4922,776,16
4923,17,213
4924,600,929
4925,166,506
4926,80,892
4927,661,41
4928,209,437
4929,445,242
4930,72,54
4931,377,966
4932,813,81
4933,256,741
4934,336,938
4935,430,480
4936,410,292
4937,537,192
4938,492,156
4939,615,141
4940,755,267
4941,626,115
4942,463,580
4943,560,449
4944,148,787
4945,72,926
4946,519,537
4947,764,549
4948,598,55
4949,552,655
4950,821,869
4951,70,346
4952,797,349
4953,132,844
4954,376,69
4955,448,773
4956,866,942
4957,745,771
4958,586,2
4959,688,193
4960,747,296
4961,753,448
4962,136,740
4963,461,591
4964,273,634
4965,867,971
4966,536,662
4967,173,568
4968,391,154
4969,416,839
4970,428,749
4971,287,161
4972,78,617
4973,484,233
4974,518,21
4975,26,388
4976,26,395
4977,161,759
4978,382,188
4979,750,671
4980,980,134
4981,54,673
4982,335,337
4983,163,413
4984,835,470
4985,654,679
4986,474,25
4987,349,797
4988,587,728
4989,715,856
4990,829,367
4991,693,189
4992,667,201
4993,244,299
4994,584,791
4995,471,552
4996,753,895
4997,358,516
4998,286,62
4999,993,554
5000,257,32
